Profesional,Categoría CIE-10,Sub-Motivo (etiqueta usuario),Motivo Técnico (base de datos)
Adolfo Henríquez Valenzuela,Ansiedad nervios y estrés,Estrés laboral o escolar / burnout,Estrés / Estrés Laboral / Burnout
Adolfo Henríquez Valenzuela,Ansiedad nervios y estrés,Preocupación constante / no puedo apagar la mente,Ansiedad Generalizada
Adolfo Henríquez Valenzuela,Ansiedad nervios y estrés,Síntomas físicos por nervios (palpitaciones tensión mareos),Ansiedad Generalizada
Adolfo Henríquez Valenzuela,Autoestima habilidades y crecimiento personal,Habilidades sociales / timidez marcada,Crecimiento Personal / Desarrollo de Habilidades Sociales
Adolfo Henríquez Valenzuela,Autoestima habilidades y crecimiento personal,Me cuesta poner límites / decir que no,Crecimiento Personal / Desarrollo de Habilidades Sociales
Adolfo Henríquez Valenzuela,Autoestima habilidades y crecimiento personal,Orientación vocacional o académica,Orientación Vocacional / Académica
Adolfo Henríquez Valenzuela,Duelo separaciones y cambios de vida,"Migración mudanza o cambio de etapa (jubilación, maternidad/paternidad etc.)",Transiciones Vitales (mudanzas migración jubilación maternidad/paternidad)
Adolfo Henríquez Valenzuela,Evaluación psicológica / informe / orientación,Evaluación clínica inicial.,Evaluación psicológica / informe / orientación
Adolfo Henríquez Valenzuela,Evaluación psicológica / informe / orientación,Orientación vocacional.,Orientación Vocacional / Académica
Adolfo Henríquez Valenzuela,Evaluación psicológica / informe / orientación,Psicoeducación y plan de apoyo (sin psicoterapia continua).​,Evaluación psicológica / informe / orientación
Adolfo Henríquez Valenzuela,Relaciones familia pareja y crianza,Aislamiento social / falta de red de apoyo,Crecimiento Personal / Desarrollo de Habilidades Sociales
Adolfo Henríquez Valenzuela,Sueño y malestar físico ligado a lo emocional,Dolor o molestias físicas asociadas al estrés,Estrés / Estrés Laboral / Burnout
Adolfo Henríquez Valenzuela,Sueño y malestar físico ligado a lo emocional,Síntomas físicos sin causa clara (digestivo mareos tensión),Ansiedad Generalizada
Adolfo Henríquez Valenzuela,Ánimo bajo desmotivación y cambios de humor,Desmotivación / falta de energía,Desmotivación / falta de energía
Alejandro Gunckel Barría,Alimentación y relación con la comida,Restricción alimentaria / miedo a subir de peso,Anorexia Nerviosa
Alejandro Gunckel Barría,Alimentación y relación con la comida,Vómitos/laxantes/compensaciones,Bulimia Nerviosa
Alejandro Gunckel Barría,Ansiedad nervios y estrés,Crisis de pánico / crisis de angustia,Ataques de Pánico / Crisis de Angustia
Alejandro Gunckel Barría,Ansiedad nervios y estrés,Estrés laboral o escolar / burnout,Estrés / Estrés Laboral / Burnout
Alejandro Gunckel Barría,Ansiedad nervios y estrés,Miedo a ser juzgado/a (ansiedad social),Fobias Específicas (claustrofobia aracnofobia agorafobia fobia social)
Alejandro Gunckel Barría,Ansiedad nervios y estrés,Miedos y evitación (lugares salir transporte etc.),Fobias Específicas (claustrofobia aracnofobia agorafobia fobia social)
Alejandro Gunckel Barría,Ansiedad nervios y estrés,Pensamientos repetitivos y rituales (orden chequeos limpieza),Trastorno Obsesivo Compulsivo (TOC)
Alejandro Gunckel Barría,Ansiedad nervios y estrés,Preocupación constante / no puedo apagar la mente,Ansiedad Generalizada
Alejandro Gunckel Barría,Ansiedad nervios y estrés,Síntomas físicos por nervios (palpitaciones tensión mareos),Ansiedad Generalizada
Alejandro Gunckel Barría,Atención aprendizaje y neurodesarrollo,Dificultad para concentrarme / distraibilidad,TDAH (Niños Adolescentes Adultos)
Alejandro Gunckel Barría,Atención aprendizaje y neurodesarrollo,Dificultades de aprendizaje (lectura/escritura/matemática),Dificultades de Aprendizaje
Alejandro Gunckel Barría,Atención aprendizaje y neurodesarrollo,Dificultades escolares (rendimiento o adaptación),Dificultades de Aprendizaje
Alejandro Gunckel Barría,Atención aprendizaje y neurodesarrollo,Dificultades sociales o sensoriales desde siempre,Trastorno del Espectro Autista (TEA) - nivel leve
Alejandro Gunckel Barría,Atención aprendizaje y neurodesarrollo,Problemas de organización y procrastinación,TDAH (Niños Adolescentes Adultos)
Alejandro Gunckel Barría,Autoestima habilidades y crecimiento personal,Autoestima baja / inseguridad personal,Baja Autoestima / Inseguridad Personal
Alejandro Gunckel Barría,Duelo separaciones y cambios de vida,Duelo por fallecimiento o pérdidas,Duelo Normal / Complicado
Alejandro Gunckel Barría,Duelo separaciones y cambios de vida,"Migración mudanza o cambio de etapa (jubilación, maternidad/paternidad etc.)",Transiciones Vitales (mudanzas migración jubilación maternidad/paternidad)
Alejandro Gunckel Barría,Duelo separaciones y cambios de vida,Separación o ruptura amorosa,Separaciones y Rupturas
Alejandro Gunckel Barría,Evaluación psicológica / informe / orientación,Evaluación clínica inicial.,Evaluación psicológica / informe / orientación
Alejandro Gunckel Barría,Evaluación psicológica / informe / orientación,Psicoeducación y plan de apoyo (sin psicoterapia continua).​,Evaluación psicológica / informe / orientación
Alejandro Gunckel Barría,Experiencias difíciles trauma y violencia,Abuso sexual (actual o pasado),Abuso Sexual / Abusos en la Infancia
Alejandro Gunckel Barría,Experiencias difíciles trauma y violencia,Dificultad para adaptarme después de un evento,Traumas Psicológicos / Pérdidas Traumáticas
Alejandro Gunckel Barría,Experiencias difíciles trauma y violencia,Evito lugares/personas por algo que pasó,Trastorno de Estrés Postraumático (TEPT)
Alejandro Gunckel Barría,Experiencias difíciles trauma y violencia,Maltrato psicológico o físico,Maltrato Psicológico / Físico
Alejandro Gunckel Barría,Experiencias difíciles trauma y violencia,Me siento en alerta o inseguro/a todo el tiempo,Trastorno de Estrés Postraumático (TEPT)
Alejandro Gunckel Barría,Experiencias difíciles trauma y violencia,Recuerdos/pesadillas por lo vivido,Trastorno de Estrés Postraumático (TEPT)
Alejandro Gunckel Barría,Experiencias difíciles trauma y violencia,Violencia en el hogar o en la relación,Violencia Intrafamiliar (VIF)
Alejandro Gunckel Barría,Impulsos consumo y conductas que me preocupan,Ira/explosividad y conflictos frecuentes,Problemas de Ira y Agresividad
Alejandro Gunckel Barría,Relaciones familia pareja y crianza,Conflicto entre cuidador/a e hijo/a,Problemas RelacionalesFamiliares y de Pareja
Alejandro Gunckel Barría,Relaciones familia pareja y crianza,Conflictos de pareja / comunicación / celos / infidelidad,Problemas RelacionalesFamiliares y de Pareja
Alejandro Gunckel Barría,Relaciones familia pareja y crianza,Dificultades de crianza y límites,Problemas RelacionalesFamiliares y de Pareja
Alejandro Gunckel Barría,Relaciones familia pareja y crianza,Problemas familiares o de convivencia,Problemas RelacionalesFamiliares y de Pareja
Alejandro Gunckel Barría,Sueño y malestar físico ligado a lo emocional,Dolor o molestias físicas asociadas al estrés,Estrés / Estrés Laboral / Burnout
Alejandro Gunckel Barría,Sueño y malestar físico ligado a lo emocional,Insomnio o sueño poco reparador,Problemas de Sueño / Insomnio
Alejandro Gunckel Barría,Sueño y malestar físico ligado a lo emocional,Pesadillas frecuentes,Trastorno de Estrés Postraumático (TEPT)
Alejandro Gunckel Barría,Sueño y malestar físico ligado a lo emocional,Síntomas físicos sin causa clara (digestivo mareos tensión),Ansiedad Generalizada
Alejandro Gunckel Barría,Ánimo bajo desmotivación y cambios de humor,Cambios de ánimo intensos,Cambios de humor intensos
Alejandro Gunckel Barría,Ánimo bajo desmotivación y cambios de humor,Desmotivación / falta de energía,Desmotivación / falta de energía
Alejandro Gunckel Barría,Ánimo bajo desmotivación y cambios de humor,Irritabilidad sostenida,Cambios de humor intensos
Alejandro Gunckel Barría,Ánimo bajo desmotivación y cambios de humor,Me cuesta disfrutar / siento vacío,Depresión / tristeza persistente
Alejandro Gunckel Barría,Ánimo bajo desmotivación y cambios de humor,Periodos de mucha energía y poco sueño,Trastorno Bipolar
Alejandro Gunckel Barría,Ánimo bajo desmotivación y cambios de humor,Tristeza persistente / llanto frecuente,Depresión / tristeza persistente
Alejandro Gunckel Barría,Ánimo bajo desmotivación y cambios de humor,Ánimo bajo desde hace mucho tiempo,Distimia (Depresión Persistente)
Angelica Garcia Osorio,Ansiedad nervios y estrés,Preocupación constante / no puedo apagar la mente,Ansiedad Generalizada
Angelica Garcia Osorio,Ansiedad nervios y estrés,Síntomas físicos por nervios (palpitaciones tensión mareos),Ansiedad Generalizada
Angelica Garcia Osorio,Duelo separaciones y cambios de vida,Duelo por fallecimiento o pérdidas,Duelo Normal / Complicado
Angelica Garcia Osorio,Duelo separaciones y cambios de vida,"Migración mudanza o cambio de etapa (jubilación, maternidad/paternidad etc.)",Transiciones Vitales (mudanzas migración jubilación maternidad/paternidad)
Angelica Garcia Osorio,Evaluación psicológica / informe / orientación,Evaluación clínica inicial.,Evaluación psicológica / informe / orientación
Angelica Garcia Osorio,Evaluación psicológica / informe / orientación,Psicoeducación y plan de apoyo (sin psicoterapia continua).​,Evaluación psicológica / informe / orientación
Angelica Garcia Osorio,Experiencias difíciles trauma y violencia,Dificultad para adaptarme después de un evento,Traumas Psicológicos / Pérdidas Traumáticas
Angelica Garcia Osorio,Impulsos consumo y conductas que me preocupan,Autolesiones o pensamientos de hacerme daño,Conductas Autolesivas
Angelica Garcia Osorio,Relaciones familia pareja y crianza,Conflicto entre cuidador/a e hijo/a,Problemas RelacionalesFamiliares y de Pareja
Angelica Garcia Osorio,Relaciones familia pareja y crianza,Conflictos de pareja / comunicación / celos / infidelidad,Problemas RelacionalesFamiliares y de Pareja
Angelica Garcia Osorio,Relaciones familia pareja y crianza,Dificultades de crianza y límites,Problemas RelacionalesFamiliares y de Pareja
Angelica Garcia Osorio,Relaciones familia pareja y crianza,Problemas familiares o de convivencia,Problemas RelacionalesFamiliares y de Pareja
Angelica Garcia Osorio,Sueño y malestar físico ligado a lo emocional,Síntomas físicos sin causa clara (digestivo mareos tensión),Ansiedad Generalizada
Angelica Garcia Osorio,Ánimo bajo desmotivación y cambios de humor,Desmotivación / falta de energía,Desmotivación / falta de energía
Angelica Garcia Osorio,Ánimo bajo desmotivación y cambios de humor,Me cuesta disfrutar / siento vacío,Depresión / tristeza persistente
Angelica Garcia Osorio,Ánimo bajo desmotivación y cambios de humor,Tristeza persistente / llanto frecuente,Depresión / tristeza persistente
Bryan Paredes Ortíz,Ansiedad nervios y estrés,Crisis de pánico / crisis de angustia,Ataques de Pánico / Crisis de Angustia
Bryan Paredes Ortíz,Ansiedad nervios y estrés,Estrés laboral o escolar / burnout,Estrés / Estrés Laboral / Burnout
Bryan Paredes Ortíz,Ansiedad nervios y estrés,Miedo a ser juzgado/a (ansiedad social),Fobias Específicas (claustrofobia aracnofobia agorafobia fobia social)
Bryan Paredes Ortíz,Ansiedad nervios y estrés,Miedos y evitación (lugares salir transporte etc.),Fobias Específicas (claustrofobia aracnofobia agorafobia fobia social)
Bryan Paredes Ortíz,Ansiedad nervios y estrés,Preocupación constante / no puedo apagar la mente,Ansiedad Generalizada
Bryan Paredes Ortíz,Ansiedad nervios y estrés,Síntomas físicos por nervios (palpitaciones tensión mareos),Ansiedad Generalizada
Bryan Paredes Ortíz,Atención aprendizaje y neurodesarrollo,Dificultad para concentrarme / distraibilidad,TDAH (Niños Adolescentes Adultos)
Bryan Paredes Ortíz,Atención aprendizaje y neurodesarrollo,Dificultades de aprendizaje (lectura/escritura/matemática),Dificultades de Aprendizaje
Bryan Paredes Ortíz,Atención aprendizaje y neurodesarrollo,Dificultades escolares (rendimiento o adaptación),Dificultades de Aprendizaje
Bryan Paredes Ortíz,Atención aprendizaje y neurodesarrollo,Dificultades sociales o sensoriales desde siempre,Trastorno del Espectro Autista (TEA) - nivel leve
Bryan Paredes Ortíz,Atención aprendizaje y neurodesarrollo,Problemas de organización y procrastinación,TDAH (Niños Adolescentes Adultos)
Bryan Paredes Ortíz,Autoestima habilidades y crecimiento personal,Autoestima baja / inseguridad personal,Baja Autoestima / Inseguridad Personal
Bryan Paredes Ortíz,Autoestima habilidades y crecimiento personal,Habilidades sociales / timidez marcada,Crecimiento Personal / Desarrollo de Habilidades Sociales
Bryan Paredes Ortíz,Autoestima habilidades y crecimiento personal,Me cuesta poner límites / decir que no,Crecimiento Personal / Desarrollo de Habilidades Sociales
Bryan Paredes Ortíz,Autoestima habilidades y crecimiento personal,Orientación vocacional o académica,Orientación Vocacional / Académica
Bryan Paredes Ortíz,Duelo separaciones y cambios de vida,Duelo por fallecimiento o pérdidas,Duelo Normal / Complicado
Bryan Paredes Ortíz,Duelo separaciones y cambios de vida,"Migración mudanza o cambio de etapa (jubilación, maternidad/paternidad etc.)",Transiciones Vitales (mudanzas migración jubilación maternidad/paternidad)
Bryan Paredes Ortíz,Duelo separaciones y cambios de vida,Separación o ruptura amorosa,Separaciones y Rupturas
Bryan Paredes Ortíz,Evaluación psicológica / informe / orientación,Evaluación clínica inicial.,Evaluación psicológica / informe / orientación
Bryan Paredes Ortíz,Evaluación psicológica / informe / orientación,Informe para contexto educacional/laboral (según pertinencia).,Evaluación psicológica / informe / orientación
Bryan Paredes Ortíz,Evaluación psicológica / informe / orientación,Orientación vocacional.,Orientación Vocacional / Académica
Bryan Paredes Ortíz,Evaluación psicológica / informe / orientación,Psicoeducación y plan de apoyo (sin psicoterapia continua).​,Evaluación psicológica / informe / orientación
Bryan Paredes Ortíz,Experiencias difíciles trauma y violencia,Dificultad para adaptarme después de un evento,Traumas Psicológicos / Pérdidas Traumáticas
Bryan Paredes Ortíz,Experiencias difíciles trauma y violencia,Evito lugares/personas por algo que pasó,Trastorno de Estrés Postraumático (TEPT)
Bryan Paredes Ortíz,Experiencias difíciles trauma y violencia,Maltrato psicológico o físico,Maltrato Psicológico / Físico
Bryan Paredes Ortíz,Experiencias difíciles trauma y violencia,Me siento en alerta o inseguro/a todo el tiempo,Trastorno de Estrés Postraumático (TEPT)
Bryan Paredes Ortíz,Experiencias difíciles trauma y violencia,Recuerdos/pesadillas por lo vivido,Trastorno de Estrés Postraumático (TEPT)
Bryan Paredes Ortíz,Experiencias difíciles trauma y violencia,Violencia en el hogar o en la relación,Violencia Intrafamiliar (VIF)
Bryan Paredes Ortíz,Impulsos consumo y conductas que me preocupan,Autolesiones o pensamientos de hacerme daño,Conductas Autolesivas
Bryan Paredes Ortíz,Impulsos consumo y conductas que me preocupan,Ira/explosividad y conflictos frecuentes,Problemas de Ira y Agresividad
Bryan Paredes Ortíz,Relaciones familia pareja y crianza,Aislamiento social / falta de red de apoyo,Crecimiento Personal / Desarrollo de Habilidades Sociales
Bryan Paredes Ortíz,Relaciones familia pareja y crianza,Conflicto entre cuidador/a e hijo/a,Problemas RelacionalesFamiliares y de Pareja
Bryan Paredes Ortíz,Relaciones familia pareja y crianza,Conflictos de pareja / comunicación / celos / infidelidad,Problemas RelacionalesFamiliares y de Pareja
Bryan Paredes Ortíz,Relaciones familia pareja y crianza,Dificultades de crianza y límites,Problemas RelacionalesFamiliares y de Pareja
Bryan Paredes Ortíz,Relaciones familia pareja y crianza,Problemas familiares o de convivencia,Problemas RelacionalesFamiliares y de Pareja
Bryan Paredes Ortíz,Sexualidad e intimidad,Ansiedad culpa o vergüenza asociada a sexualidad,Sexualidad (disfunciones orientación identidad)
Bryan Paredes Ortíz,Sexualidad e intimidad,Dificultades en sexualidad o intimidad,Sexualidad (disfunciones orientación identidad)
Bryan Paredes Ortíz,Sexualidad e intimidad,Identidad/orientación y bienestar,Sexualidad (disfunciones orientación identidad)
Bryan Paredes Ortíz,Sueño y malestar físico ligado a lo emocional,Dolor o molestias físicas asociadas al estrés,Estrés / Estrés Laboral / Burnout
Bryan Paredes Ortíz,Sueño y malestar físico ligado a lo emocional,Pesadillas frecuentes,Trastorno de Estrés Postraumático (TEPT)
Bryan Paredes Ortíz,Sueño y malestar físico ligado a lo emocional,Síntomas físicos sin causa clara (digestivo mareos tensión),Ansiedad Generalizada
Bryan Paredes Ortíz,Ánimo bajo desmotivación y cambios de humor,Cambios de ánimo intensos,Cambios de humor intensos
Bryan Paredes Ortíz,Ánimo bajo desmotivación y cambios de humor,Desmotivación / falta de energía,Desmotivación / falta de energía
Bryan Paredes Ortíz,Ánimo bajo desmotivación y cambios de humor,Irritabilidad sostenida,Cambios de humor intensos
Bryan Paredes Ortíz,Ánimo bajo desmotivación y cambios de humor,Me cuesta disfrutar / siento vacío,Depresión / tristeza persistente
Bryan Paredes Ortíz,Ánimo bajo desmotivación y cambios de humor,Periodos de mucha energía y poco sueño,Trastorno Bipolar
Bryan Paredes Ortíz,Ánimo bajo desmotivación y cambios de humor,Tristeza persistente / llanto frecuente,Depresión / tristeza persistente
Bryan Paredes Ortíz,Ánimo bajo desmotivación y cambios de humor,Ánimo bajo desde hace mucho tiempo,Distimia (Depresión Persistente)
Carolina Infante Aravena,Acompañamiento emocional por enfermedad médica,Adherencia a tratamientos y cambios de hábitos,Enfermedades crónicas y agudas - Enfermedades raras poco frecuentes y huérfanas
Carolina Infante Aravena,Acompañamiento emocional por enfermedad médica,Afrontamiento emocional de enfermedad crónica/aguda/rara,Enfermedades crónicas y agudas - Enfermedades raras poco frecuentes y huérfanas
Carolina Infante Aravena,Acompañamiento emocional por enfermedad médica,Estrés del cuidador/a,Enfermedades crónicas y agudas - Enfermedades raras poco frecuentes y huérfanas
Carolina Infante Aravena,Ansiedad nervios y estrés,Crisis de pánico / crisis de angustia,Ataques de Pánico / Crisis de Angustia
Carolina Infante Aravena,Ansiedad nervios y estrés,Estrés laboral o escolar / burnout,Estrés / Estrés Laboral / Burnout
Carolina Infante Aravena,Ansiedad nervios y estrés,Miedo a ser juzgado/a (ansiedad social),Fobias Específicas (claustrofobia aracnofobia agorafobia fobia social)
Carolina Infante Aravena,Ansiedad nervios y estrés,Miedos y evitación (lugares salir transporte etc.),Fobias Específicas (claustrofobia aracnofobia agorafobia fobia social)
Carolina Infante Aravena,Ansiedad nervios y estrés,Pensamientos repetitivos y rituales (orden chequeos limpieza),Trastorno Obsesivo Compulsivo (TOC)
Carolina Infante Aravena,Ansiedad nervios y estrés,Preocupación constante / no puedo apagar la mente,Ansiedad Generalizada
Carolina Infante Aravena,Ansiedad nervios y estrés,Síntomas físicos por nervios (palpitaciones tensión mareos),Ansiedad Generalizada
Carolina Infante Aravena,Atención aprendizaje y neurodesarrollo,Dificultades sociales o sensoriales desde siempre,Trastorno del Espectro Autista (TEA) - nivel leve
Carolina Infante Aravena,Autoestima habilidades y crecimiento personal,Autoestima baja / inseguridad personal,Baja Autoestima / Inseguridad Personal
Carolina Infante Aravena,Autoestima habilidades y crecimiento personal,Habilidades sociales / timidez marcada,Crecimiento Personal / Desarrollo de Habilidades Sociales
Carolina Infante Aravena,Autoestima habilidades y crecimiento personal,Me cuesta poner límites / decir que no,Crecimiento Personal / Desarrollo de Habilidades Sociales
Carolina Infante Aravena,Autoestima habilidades y crecimiento personal,Orientación vocacional o académica,Orientación Vocacional / Académica
Carolina Infante Aravena,Duelo separaciones y cambios de vida,Duelo por fallecimiento o pérdidas,Duelo Normal / Complicado
Carolina Infante Aravena,Duelo separaciones y cambios de vida,"Migración mudanza o cambio de etapa (jubilación, maternidad/paternidad etc.)",Transiciones Vitales (mudanzas migración jubilación maternidad/paternidad)
Carolina Infante Aravena,Duelo separaciones y cambios de vida,Separación o ruptura amorosa,Separaciones y Rupturas
Carolina Infante Aravena,Evaluación psicológica / informe / orientación,Evaluación clínica inicial.,Evaluación psicológica / informe / orientación
Carolina Infante Aravena,Evaluación psicológica / informe / orientación,Orientación vocacional.,Orientación Vocacional / Académica
Carolina Infante Aravena,Evaluación psicológica / informe / orientación,Psicoeducación y plan de apoyo (sin psicoterapia continua).​,Evaluación psicológica / informe / orientación
Carolina Infante Aravena,Experiencias difíciles trauma y violencia,Abuso sexual (actual o pasado),Abuso Sexual / Abusos en la Infancia
Carolina Infante Aravena,Experiencias difíciles trauma y violencia,Dificultad para adaptarme después de un evento,Traumas Psicológicos / Pérdidas Traumáticas
Carolina Infante Aravena,Experiencias difíciles trauma y violencia,Evito lugares/personas por algo que pasó,Trastorno de Estrés Postraumático (TEPT)
Carolina Infante Aravena,Experiencias difíciles trauma y violencia,Maltrato psicológico o físico,Maltrato Psicológico / Físico
Carolina Infante Aravena,Experiencias difíciles trauma y violencia,Me siento en alerta o inseguro/a todo el tiempo,Trastorno de Estrés Postraumático (TEPT)
Carolina Infante Aravena,Experiencias difíciles trauma y violencia,Recuerdos/pesadillas por lo vivido,Trastorno de Estrés Postraumático (TEPT)
Carolina Infante Aravena,Experiencias difíciles trauma y violencia,Violencia en el hogar o en la relación,Violencia Intrafamiliar (VIF)
Carolina Infante Aravena,Impulsos consumo y conductas que me preocupan,Ira/explosividad y conflictos frecuentes,Problemas de Ira y Agresividad
Carolina Infante Aravena,Relaciones familia pareja y crianza,Aislamiento social / falta de red de apoyo,Crecimiento Personal / Desarrollo de Habilidades Sociales
Carolina Infante Aravena,Relaciones familia pareja y crianza,Conflicto entre cuidador/a e hijo/a,Problemas RelacionalesFamiliares y de Pareja
Carolina Infante Aravena,Relaciones familia pareja y crianza,Conflictos de pareja / comunicación / celos / infidelidad,Problemas RelacionalesFamiliares y de Pareja
Carolina Infante Aravena,Relaciones familia pareja y crianza,Dificultades de crianza y límites,Problemas RelacionalesFamiliares y de Pareja
Carolina Infante Aravena,Relaciones familia pareja y crianza,Problemas familiares o de convivencia,Problemas RelacionalesFamiliares y de Pareja
Carolina Infante Aravena,Sueño y malestar físico ligado a lo emocional,Dolor o molestias físicas asociadas al estrés,Estrés / Estrés Laboral / Burnout
Carolina Infante Aravena,Sueño y malestar físico ligado a lo emocional,Insomnio o sueño poco reparador,Problemas de Sueño / Insomnio
Carolina Infante Aravena,Sueño y malestar físico ligado a lo emocional,Pesadillas frecuentes,Trastorno de Estrés Postraumático (TEPT)
Carolina Infante Aravena,Sueño y malestar físico ligado a lo emocional,Síntomas físicos sin causa clara (digestivo mareos tensión),Ansiedad Generalizada
Carolina Infante Aravena,Ánimo bajo desmotivación y cambios de humor,Cambios de ánimo intensos,Cambios de humor intensos
Carolina Infante Aravena,Ánimo bajo desmotivación y cambios de humor,Desmotivación / falta de energía,Desmotivación / falta de energía
Carolina Infante Aravena,Ánimo bajo desmotivación y cambios de humor,Irritabilidad sostenida,Cambios de humor intensos
Carolina Infante Aravena,Ánimo bajo desmotivación y cambios de humor,Me cuesta disfrutar / siento vacío,Depresión / tristeza persistente
Carolina Infante Aravena,Ánimo bajo desmotivación y cambios de humor,Periodos de mucha energía y poco sueño,Trastorno Bipolar
Carolina Infante Aravena,Ánimo bajo desmotivación y cambios de humor,Tristeza persistente / llanto frecuente,Depresión / tristeza persistente
Carolina Infante Aravena,Ánimo bajo desmotivación y cambios de humor,Ánimo bajo desde hace mucho tiempo,Distimia (Depresión Persistente)
Christopher Villa Dupretts,Ansiedad nervios y estrés,Preocupación constante / no puedo apagar la mente,Ansiedad Generalizada
Christopher Villa Dupretts,Ansiedad nervios y estrés,Síntomas físicos por nervios (palpitaciones tensión mareos),Ansiedad Generalizada
Christopher Villa Dupretts,Autoestima habilidades y crecimiento personal,Autoestima baja / inseguridad personal,Baja Autoestima / Inseguridad Personal
Christopher Villa Dupretts,Autoestima habilidades y crecimiento personal,Habilidades sociales / timidez marcada,Crecimiento Personal / Desarrollo de Habilidades Sociales
Christopher Villa Dupretts,Autoestima habilidades y crecimiento personal,Me cuesta poner límites / decir que no,Crecimiento Personal / Desarrollo de Habilidades Sociales
Christopher Villa Dupretts,Evaluación psicológica / informe / orientación,Evaluación clínica inicial.,Evaluación psicológica / informe / orientación
Christopher Villa Dupretts,Evaluación psicológica / informe / orientación,Psicoeducación y plan de apoyo (sin psicoterapia continua).​,Evaluación psicológica / informe / orientación
Christopher Villa Dupretts,Relaciones familia pareja y crianza,Aislamiento social / falta de red de apoyo,Crecimiento Personal / Desarrollo de Habilidades Sociales
Christopher Villa Dupretts,Sueño y malestar físico ligado a lo emocional,Síntomas físicos sin causa clara (digestivo mareos tensión),Ansiedad Generalizada
Christopher Villa Dupretts,Ánimo bajo desmotivación y cambios de humor,Cambios de ánimo intensos,Cambios de humor intensos
Christopher Villa Dupretts,Ánimo bajo desmotivación y cambios de humor,Irritabilidad sostenida,Cambios de humor intensos
Francisca Rojas Jamet,Ansiedad nervios y estrés,Crisis de pánico / crisis de angustia,Ataques de Pánico / Crisis de Angustia
Francisca Rojas Jamet,Ansiedad nervios y estrés,Estrés laboral o escolar / burnout,Estrés / Estrés Laboral / Burnout
Francisca Rojas Jamet,Ansiedad nervios y estrés,Pensamientos repetitivos y rituales (orden chequeos limpieza),Trastorno Obsesivo Compulsivo (TOC)
Francisca Rojas Jamet,Ansiedad nervios y estrés,Preocupación constante / no puedo apagar la mente,Ansiedad Generalizada
Francisca Rojas Jamet,Ansiedad nervios y estrés,Síntomas físicos por nervios (palpitaciones tensión mareos),Ansiedad Generalizada
Francisca Rojas Jamet,Atención aprendizaje y neurodesarrollo,Dificultad para concentrarme / distraibilidad,TDAH (Niños Adolescentes Adultos)
Francisca Rojas Jamet,Atención aprendizaje y neurodesarrollo,Dificultades de aprendizaje (lectura/escritura/matemática),Dificultades de Aprendizaje
Francisca Rojas Jamet,Atención aprendizaje y neurodesarrollo,Dificultades escolares (rendimiento o adaptación),Dificultades de Aprendizaje
Francisca Rojas Jamet,Atención aprendizaje y neurodesarrollo,Dificultades sociales o sensoriales desde siempre,Trastorno del Espectro Autista (TEA) - nivel leve
Francisca Rojas Jamet,Atención aprendizaje y neurodesarrollo,Problemas de organización y procrastinación,TDAH (Niños Adolescentes Adultos)
Francisca Rojas Jamet,Autoestima habilidades y crecimiento personal,Autoestima baja / inseguridad personal,Baja Autoestima / Inseguridad Personal
Francisca Rojas Jamet,Autoestima habilidades y crecimiento personal,Orientación vocacional o académica,Orientación Vocacional / Académica
Francisca Rojas Jamet,Duelo separaciones y cambios de vida,Duelo por fallecimiento o pérdidas,Duelo Normal / Complicado
Francisca Rojas Jamet,Duelo separaciones y cambios de vida,"Migración mudanza o cambio de etapa (jubilación, maternidad/paternidad etc.)",Transiciones Vitales (mudanzas migración jubilación maternidad/paternidad)
Francisca Rojas Jamet,Evaluación psicológica / informe / orientación,Evaluación clínica inicial.,Evaluación psicológica / informe / orientación
Francisca Rojas Jamet,Evaluación psicológica / informe / orientación,Informe para contexto educacional/laboral (según pertinencia).,Evaluación psicológica / informe / orientación
Francisca Rojas Jamet,Evaluación psicológica / informe / orientación,Orientación vocacional.,Orientación Vocacional / Académica
Francisca Rojas Jamet,Evaluación psicológica / informe / orientación,Psicoeducación y plan de apoyo (sin psicoterapia continua).​,Evaluación psicológica / informe / orientación
Francisca Rojas Jamet,Experiencias difíciles trauma y violencia,Abuso sexual (actual o pasado),Abuso Sexual / Abusos en la Infancia
Francisca Rojas Jamet,Experiencias difíciles trauma y violencia,Dificultad para adaptarme después de un evento,Traumas Psicológicos / Pérdidas Traumáticas
Francisca Rojas Jamet,Experiencias difíciles trauma y violencia,Maltrato psicológico o físico,Maltrato Psicológico / Físico
Francisca Rojas Jamet,Experiencias difíciles trauma y violencia,Violencia en el hogar o en la relación,Violencia Intrafamiliar (VIF)
Francisca Rojas Jamet,Impulsos consumo y conductas que me preocupan,Autolesiones o pensamientos de hacerme daño,Conductas Autolesivas
Francisca Rojas Jamet,Impulsos consumo y conductas que me preocupan,Ira/explosividad y conflictos frecuentes,Problemas de Ira y Agresividad
Francisca Rojas Jamet,Relaciones familia pareja y crianza,Conflicto entre cuidador/a e hijo/a,Problemas RelacionalesFamiliares y de Pareja
Francisca Rojas Jamet,Relaciones familia pareja y crianza,Conflictos de pareja / comunicación / celos / infidelidad,Problemas RelacionalesFamiliares y de Pareja
Francisca Rojas Jamet,Relaciones familia pareja y crianza,Dificultades de crianza y límites,Problemas RelacionalesFamiliares y de Pareja
Francisca Rojas Jamet,Relaciones familia pareja y crianza,Problemas familiares o de convivencia,Problemas RelacionalesFamiliares y de Pareja
Francisca Rojas Jamet,Sexualidad e intimidad,Ansiedad culpa o vergüenza asociada a sexualidad,Sexualidad (disfunciones orientación identidad)
Francisca Rojas Jamet,Sexualidad e intimidad,Dificultades en sexualidad o intimidad,Sexualidad (disfunciones orientación identidad)
Francisca Rojas Jamet,Sexualidad e intimidad,Identidad/orientación y bienestar,Sexualidad (disfunciones orientación identidad)
Francisca Rojas Jamet,Sueño y malestar físico ligado a lo emocional,Dolor o molestias físicas asociadas al estrés,Estrés / Estrés Laboral / Burnout
Francisca Rojas Jamet,Sueño y malestar físico ligado a lo emocional,Síntomas físicos sin causa clara (digestivo mareos tensión),Ansiedad Generalizada
Francisca Rojas Jamet,Ánimo bajo desmotivación y cambios de humor,Cambios de ánimo intensos,Cambios de humor intensos
Francisca Rojas Jamet,Ánimo bajo desmotivación y cambios de humor,Desmotivación / falta de energía,Desmotivación / falta de energía
Francisca Rojas Jamet,Ánimo bajo desmotivación y cambios de humor,Irritabilidad sostenida,Cambios de humor intensos
Isabel Morales Chabla,Ansiedad nervios y estrés,Crisis de pánico / crisis de angustia,Ataques de Pánico / Crisis de Angustia
Isabel Morales Chabla,Ansiedad nervios y estrés,Estrés laboral o escolar / burnout,Estrés / Estrés Laboral / Burnout
Isabel Morales Chabla,Ansiedad nervios y estrés,Miedo a ser juzgado/a (ansiedad social),Fobias Específicas (claustrofobia aracnofobia agorafobia fobia social)
Isabel Morales Chabla,Ansiedad nervios y estrés,Miedos y evitación (lugares salir transporte etc.),Fobias Específicas (claustrofobia aracnofobia agorafobia fobia social)
Isabel Morales Chabla,Ansiedad nervios y estrés,Preocupación constante / no puedo apagar la mente,Ansiedad Generalizada
Isabel Morales Chabla,Ansiedad nervios y estrés,Síntomas físicos por nervios (palpitaciones tensión mareos),Ansiedad Generalizada
Isabel Morales Chabla,Autoestima habilidades y crecimiento personal,Autoestima baja / inseguridad personal,Baja Autoestima / Inseguridad Personal
Isabel Morales Chabla,Autoestima habilidades y crecimiento personal,Habilidades sociales / timidez marcada,Crecimiento Personal / Desarrollo de Habilidades Sociales
Isabel Morales Chabla,Autoestima habilidades y crecimiento personal,Me cuesta poner límites / decir que no,Crecimiento Personal / Desarrollo de Habilidades Sociales
Isabel Morales Chabla,Duelo separaciones y cambios de vida,Duelo por fallecimiento o pérdidas,Duelo Normal / Complicado
Isabel Morales Chabla,Duelo separaciones y cambios de vida,"Migración mudanza o cambio de etapa (jubilación, maternidad/paternidad etc.)",Transiciones Vitales (mudanzas migración jubilación maternidad/paternidad)
Isabel Morales Chabla,Duelo separaciones y cambios de vida,Separación o ruptura amorosa,Separaciones y Rupturas
Isabel Morales Chabla,Evaluación psicológica / informe / orientación,Evaluación clínica inicial.,Evaluación psicológica / informe / orientación
Isabel Morales Chabla,Evaluación psicológica / informe / orientación,Psicoeducación y plan de apoyo (sin psicoterapia continua).​,Evaluación psicológica / informe / orientación
Isabel Morales Chabla,Experiencias difíciles trauma y violencia,Dificultad para adaptarme después de un evento,Traumas Psicológicos / Pérdidas Traumáticas
Isabel Morales Chabla,Impulsos consumo y conductas que me preocupan,Autolesiones o pensamientos de hacerme daño,Conductas Autolesivas
Isabel Morales Chabla,Relaciones familia pareja y crianza,Aislamiento social / falta de red de apoyo,Crecimiento Personal / Desarrollo de Habilidades Sociales
Isabel Morales Chabla,Sexualidad e intimidad,Ansiedad culpa o vergüenza asociada a sexualidad,Sexualidad (disfunciones orientación identidad)
Isabel Morales Chabla,Sexualidad e intimidad,Dificultades en sexualidad o intimidad,Sexualidad (disfunciones orientación identidad)
Isabel Morales Chabla,Sexualidad e intimidad,Identidad/orientación y bienestar,Sexualidad (disfunciones orientación identidad)
Isabel Morales Chabla,Sueño y malestar físico ligado a lo emocional,Dolor o molestias físicas asociadas al estrés,Estrés / Estrés Laboral / Burnout
Isabel Morales Chabla,Sueño y malestar físico ligado a lo emocional,Síntomas físicos sin causa clara (digestivo mareos tensión),Ansiedad Generalizada
Isabel Morales Chabla,Ánimo bajo desmotivación y cambios de humor,Desmotivación / falta de energía,Desmotivación / falta de energía
Isabel Morales Chabla,Ánimo bajo desmotivación y cambios de humor,Me cuesta disfrutar / siento vacío,Depresión / tristeza persistente
Isabel Morales Chabla,Ánimo bajo desmotivación y cambios de humor,Tristeza persistente / llanto frecuente,Depresión / tristeza persistente
Isabel Morales Chabla,Ánimo bajo desmotivación y cambios de humor,Ánimo bajo desde hace mucho tiempo,Distimia (Depresión Persistente)
Jonathan Ruiz García,Ansiedad nervios y estrés,Estrés laboral o escolar / burnout,Estrés / Estrés Laboral / Burnout
Jonathan Ruiz García,Ansiedad nervios y estrés,Preocupación constante / no puedo apagar la mente,Ansiedad Generalizada
Jonathan Ruiz García,Ansiedad nervios y estrés,Síntomas físicos por nervios (palpitaciones tensión mareos),Ansiedad Generalizada
Jonathan Ruiz García,Autoestima habilidades y crecimiento personal,Habilidades sociales / timidez marcada,Crecimiento Personal / Desarrollo de Habilidades Sociales
Jonathan Ruiz García,Autoestima habilidades y crecimiento personal,Me cuesta poner límites / decir que no,Crecimiento Personal / Desarrollo de Habilidades Sociales
Jonathan Ruiz García,Duelo separaciones y cambios de vida,Separación o ruptura amorosa,Separaciones y Rupturas
Jonathan Ruiz García,Evaluación psicológica / informe / orientación,Evaluación clínica inicial.,Evaluación psicológica / informe / orientación
Jonathan Ruiz García,Evaluación psicológica / informe / orientación,Psicoeducación y plan de apoyo (sin psicoterapia continua).​,Evaluación psicológica / informe / orientación
Jonathan Ruiz García,Relaciones familia pareja y crianza,Aislamiento social / falta de red de apoyo,Crecimiento Personal / Desarrollo de Habilidades Sociales
Jonathan Ruiz García,Relaciones familia pareja y crianza,Conflicto entre cuidador/a e hijo/a,Problemas RelacionalesFamiliares y de Pareja
Jonathan Ruiz García,Relaciones familia pareja y crianza,Conflictos de pareja / comunicación / celos / infidelidad,Problemas RelacionalesFamiliares y de Pareja
Jonathan Ruiz García,Relaciones familia pareja y crianza,Dificultades de crianza y límites,Problemas RelacionalesFamiliares y de Pareja
Jonathan Ruiz García,Relaciones familia pareja y crianza,Problemas familiares o de convivencia,Problemas RelacionalesFamiliares y de Pareja
Jonathan Ruiz García,Sueño y malestar físico ligado a lo emocional,Dolor o molestias físicas asociadas al estrés,Estrés / Estrés Laboral / Burnout
Jonathan Ruiz García,Sueño y malestar físico ligado a lo emocional,Síntomas físicos sin causa clara (digestivo mareos tensión),Ansiedad Generalizada
Jonathan Ruiz García,Ánimo bajo desmotivación y cambios de humor,Desmotivación / falta de energía,Desmotivación / falta de energía
Jose Luis Escalona Muñoz,Ansiedad nervios y estrés,Crisis de pánico / crisis de angustia,Ataques de Pánico / Crisis de Angustia
Jose Luis Escalona Muñoz,Ansiedad nervios y estrés,Estrés laboral o escolar / burnout,Estrés / Estrés Laboral / Burnout
Jose Luis Escalona Muñoz,Ansiedad nervios y estrés,Preocupación constante / no puedo apagar la mente,Ansiedad Generalizada
Jose Luis Escalona Muñoz,Ansiedad nervios y estrés,Síntomas físicos por nervios (palpitaciones tensión mareos),Ansiedad Generalizada
Jose Luis Escalona Muñoz,Atención aprendizaje y neurodesarrollo,Dificultad para concentrarme / distraibilidad,TDAH (Niños Adolescentes Adultos)
Jose Luis Escalona Muñoz,Atención aprendizaje y neurodesarrollo,Problemas de organización y procrastinación,TDAH (Niños Adolescentes Adultos)
Jose Luis Escalona Muñoz,Autoestima habilidades y crecimiento personal,Habilidades sociales / timidez marcada,Crecimiento Personal / Desarrollo de Habilidades Sociales
Jose Luis Escalona Muñoz,Autoestima habilidades y crecimiento personal,Me cuesta poner límites / decir que no,Crecimiento Personal / Desarrollo de Habilidades Sociales
Jose Luis Escalona Muñoz,Autoestima habilidades y crecimiento personal,Orientación vocacional o académica,Orientación Vocacional / Académica
Jose Luis Escalona Muñoz,Duelo separaciones y cambios de vida,Duelo por fallecimiento o pérdidas,Duelo Normal / Complicado
Jose Luis Escalona Muñoz,Duelo separaciones y cambios de vida,Separación o ruptura amorosa,Separaciones y Rupturas
Jose Luis Escalona Muñoz,Evaluación psicológica / informe / orientación,Evaluación clínica inicial.,Evaluación psicológica / informe / orientación
Jose Luis Escalona Muñoz,Evaluación psicológica / informe / orientación,Orientación vocacional.,Orientación Vocacional / Académica
Jose Luis Escalona Muñoz,Evaluación psicológica / informe / orientación,Psicoeducación y plan de apoyo (sin psicoterapia continua).​,Evaluación psicológica / informe / orientación
Jose Luis Escalona Muñoz,Experiencias difíciles trauma y violencia,Abuso sexual (actual o pasado),Abuso Sexual / Abusos en la Infancia
Jose Luis Escalona Muñoz,Experiencias difíciles trauma y violencia,Dificultad para adaptarme después de un evento,Traumas Psicológicos / Pérdidas Traumáticas
Jose Luis Escalona Muñoz,Experiencias difíciles trauma y violencia,Evito lugares/personas por algo que pasó,Trastorno de Estrés Postraumático (TEPT)
Jose Luis Escalona Muñoz,Experiencias difíciles trauma y violencia,Maltrato psicológico o físico,Maltrato Psicológico / Físico
Jose Luis Escalona Muñoz,Experiencias difíciles trauma y violencia,Me siento en alerta o inseguro/a todo el tiempo,Trastorno de Estrés Postraumático (TEPT)
Jose Luis Escalona Muñoz,Experiencias difíciles trauma y violencia,Recuerdos/pesadillas por lo vivido,Trastorno de Estrés Postraumático (TEPT)
Jose Luis Escalona Muñoz,Impulsos consumo y conductas que me preocupan,Consumo de alcohol o drogas,Adicciones (alcohol drogas ludopatía internet redes sociales videojuegos)
Jose Luis Escalona Muñoz,Impulsos consumo y conductas que me preocupan,Ira/explosividad y conflictos frecuentes,Problemas de Ira y Agresividad
Jose Luis Escalona Muñoz,Impulsos consumo y conductas que me preocupan,Juego/apuestas u otras conductas difíciles de controlar,Adicciones (alcohol drogas ludopatía internet redes sociales videojuegos)
Jose Luis Escalona Muñoz,Memoria y cambios cognitivos,Confusión/desorientación o cambios de conducta en persona mayor,Detección de demencias
Jose Luis Escalona Muñoz,Memoria y cambios cognitivos,Olvidos frecuentes que afectan el día a día,Detección de demencias
Jose Luis Escalona Muñoz,Memoria y cambios cognitivos,Sospecha o evaluación de demencia,Detección de demencias
Jose Luis Escalona Muñoz,Relaciones familia pareja y crianza,Aislamiento social / falta de red de apoyo,Crecimiento Personal / Desarrollo de Habilidades Sociales
Jose Luis Escalona Muñoz,Relaciones familia pareja y crianza,Conflicto entre cuidador/a e hijo/a,Problemas RelacionalesFamiliares y de Pareja
Jose Luis Escalona Muñoz,Relaciones familia pareja y crianza,Conflictos de pareja / comunicación / celos / infidelidad,Problemas RelacionalesFamiliares y de Pareja
Jose Luis Escalona Muñoz,Relaciones familia pareja y crianza,Dificultades de crianza y límites,Problemas RelacionalesFamiliares y de Pareja
Jose Luis Escalona Muñoz,Relaciones familia pareja y crianza,Problemas familiares o de convivencia,Problemas RelacionalesFamiliares y de Pareja
Jose Luis Escalona Muñoz,Sueño y malestar físico ligado a lo emocional,Dolor o molestias físicas asociadas al estrés,Estrés / Estrés Laboral / Burnout
Jose Luis Escalona Muñoz,Sueño y malestar físico ligado a lo emocional,Pesadillas frecuentes,Trastorno de Estrés Postraumático (TEPT)
Jose Luis Escalona Muñoz,Sueño y malestar físico ligado a lo emocional,Síntomas físicos sin causa clara (digestivo mareos tensión),Ansiedad Generalizada
Jose Luis Escalona Muñoz,Ánimo bajo desmotivación y cambios de humor,Cambios de ánimo intensos,Cambios de humor intensos
Jose Luis Escalona Muñoz,Ánimo bajo desmotivación y cambios de humor,Desmotivación / falta de energía,Desmotivación / falta de energía
Jose Luis Escalona Muñoz,Ánimo bajo desmotivación y cambios de humor,Irritabilidad sostenida,Cambios de humor intensos
Jose Luis Escalona Muñoz,Ánimo bajo desmotivación y cambios de humor,Me cuesta disfrutar / siento vacío,Depresión / tristeza persistente
Jose Luis Escalona Muñoz,Ánimo bajo desmotivación y cambios de humor,Tristeza persistente / llanto frecuente,Depresión / tristeza persistente
Jose Luis Escalona Muñoz,Ánimo bajo desmotivación y cambios de humor,Ánimo bajo desde hace mucho tiempo,Distimia (Depresión Persistente)
Karin Renck Orellana,Ansiedad nervios y estrés,Crisis de pánico / crisis de angustia,Ataques de Pánico / Crisis de Angustia
Karin Renck Orellana,Ansiedad nervios y estrés,Estrés laboral o escolar / burnout,Estrés / Estrés Laboral / Burnout
Karin Renck Orellana,Ansiedad nervios y estrés,Preocupación constante / no puedo apagar la mente,Ansiedad Generalizada
Karin Renck Orellana,Ansiedad nervios y estrés,Síntomas físicos por nervios (palpitaciones tensión mareos),Ansiedad Generalizada
Karin Renck Orellana,Autoestima habilidades y crecimiento personal,Autoestima baja / inseguridad personal,Baja Autoestima / Inseguridad Personal
Karin Renck Orellana,Autoestima habilidades y crecimiento personal,Habilidades sociales / timidez marcada,Crecimiento Personal / Desarrollo de Habilidades Sociales
Karin Renck Orellana,Autoestima habilidades y crecimiento personal,Me cuesta poner límites / decir que no,Crecimiento Personal / Desarrollo de Habilidades Sociales
Karin Renck Orellana,Duelo separaciones y cambios de vida,Duelo por fallecimiento o pérdidas,Duelo Normal / Complicado
Karin Renck Orellana,Duelo separaciones y cambios de vida,"Migración mudanza o cambio de etapa (jubilación, maternidad/paternidad etc.)",Transiciones Vitales (mudanzas migración jubilación maternidad/paternidad)
Karin Renck Orellana,Duelo separaciones y cambios de vida,Separación o ruptura amorosa,Separaciones y Rupturas
Karin Renck Orellana,Evaluación psicológica / informe / orientación,Evaluación clínica inicial.,Evaluación psicológica / informe / orientación
Karin Renck Orellana,Evaluación psicológica / informe / orientación,Informe para contexto educacional/laboral (según pertinencia).,Evaluación psicológica / informe / orientación
Karin Renck Orellana,Evaluación psicológica / informe / orientación,Psicoeducación y plan de apoyo (sin psicoterapia continua).​,Evaluación psicológica / informe / orientación
Karin Renck Orellana,Experiencias difíciles trauma y violencia,Abuso sexual (actual o pasado),Abuso Sexual / Abusos en la Infancia
Karin Renck Orellana,Experiencias difíciles trauma y violencia,Dificultad para adaptarme después de un evento,Traumas Psicológicos / Pérdidas Traumáticas
Karin Renck Orellana,Experiencias difíciles trauma y violencia,Evito lugares/personas por algo que pasó,Trastorno de Estrés Postraumático (TEPT)
Karin Renck Orellana,Experiencias difíciles trauma y violencia,Maltrato psicológico o físico,Maltrato Psicológico / Físico
Karin Renck Orellana,Experiencias difíciles trauma y violencia,Me siento en alerta o inseguro/a todo el tiempo,Trastorno de Estrés Postraumático (TEPT)
Karin Renck Orellana,Experiencias difíciles trauma y violencia,Recuerdos/pesadillas por lo vivido,Trastorno de Estrés Postraumático (TEPT)
Karin Renck Orellana,Experiencias difíciles trauma y violencia,Violencia en el hogar o en la relación,Violencia Intrafamiliar (VIF)
Karin Renck Orellana,Impulsos consumo y conductas que me preocupan,Autolesiones o pensamientos de hacerme daño,Conductas Autolesivas
Karin Renck Orellana,Impulsos consumo y conductas que me preocupan,Consumo de alcohol o drogas,Adicciones (alcohol drogas ludopatía internet redes sociales videojuegos)
Karin Renck Orellana,Impulsos consumo y conductas que me preocupan,Ira/explosividad y conflictos frecuentes,Problemas de Ira y Agresividad
Karin Renck Orellana,Impulsos consumo y conductas que me preocupan,Juego/apuestas u otras conductas difíciles de controlar,Adicciones (alcohol drogas ludopatía internet redes sociales videojuegos)
Karin Renck Orellana,Relaciones familia pareja y crianza,Aislamiento social / falta de red de apoyo,Crecimiento Personal / Desarrollo de Habilidades Sociales
Karin Renck Orellana,Relaciones familia pareja y crianza,Conflicto entre cuidador/a e hijo/a,Problemas RelacionalesFamiliares y de Pareja
Karin Renck Orellana,Relaciones familia pareja y crianza,Conflictos de pareja / comunicación / celos / infidelidad,Problemas RelacionalesFamiliares y de Pareja
Karin Renck Orellana,Relaciones familia pareja y crianza,Dificultades de crianza y límites,Problemas RelacionalesFamiliares y de Pareja
Karin Renck Orellana,Relaciones familia pareja y crianza,Problemas familiares o de convivencia,Problemas RelacionalesFamiliares y de Pareja
Karin Renck Orellana,Sexualidad e intimidad,Ansiedad culpa o vergüenza asociada a sexualidad,Sexualidad (disfunciones orientación identidad)
Karin Renck Orellana,Sexualidad e intimidad,Dificultades en sexualidad o intimidad,Sexualidad (disfunciones orientación identidad)
Karin Renck Orellana,Sexualidad e intimidad,Identidad/orientación y bienestar,Sexualidad (disfunciones orientación identidad)
Karin Renck Orellana,Sueño y malestar físico ligado a lo emocional,Dolor o molestias físicas asociadas al estrés,Estrés / Estrés Laboral / Burnout
Karin Renck Orellana,Sueño y malestar físico ligado a lo emocional,Insomnio o sueño poco reparador,Problemas de Sueño / Insomnio
Karin Renck Orellana,Sueño y malestar físico ligado a lo emocional,Pesadillas frecuentes,Trastorno de Estrés Postraumático (TEPT)
Karin Renck Orellana,Sueño y malestar físico ligado a lo emocional,Síntomas físicos sin causa clara (digestivo mareos tensión),Ansiedad Generalizada
Karin Renck Orellana,Ánimo bajo desmotivación y cambios de humor,Cambios de ánimo intensos,Cambios de humor intensos
Karin Renck Orellana,Ánimo bajo desmotivación y cambios de humor,Desmotivación / falta de energía,Desmotivación / falta de energía
Karin Renck Orellana,Ánimo bajo desmotivación y cambios de humor,Irritabilidad sostenida,Cambios de humor intensos
Karin Renck Orellana,Ánimo bajo desmotivación y cambios de humor,Me cuesta disfrutar / siento vacío,Depresión / tristeza persistente
Karin Renck Orellana,Ánimo bajo desmotivación y cambios de humor,Periodos de mucha energía y poco sueño,Trastorno Bipolar
Karin Renck Orellana,Ánimo bajo desmotivación y cambios de humor,Tristeza persistente / llanto frecuente,Depresión / tristeza persistente
Karin Renck Orellana,Ánimo bajo desmotivación y cambios de humor,Ánimo bajo desde hace mucho tiempo,Distimia (Depresión Persistente)
Kevin Mena Andrade,Alimentación y relación con la comida,Vómitos/laxantes/compensaciones,Bulimia Nerviosa
Kevin Mena Andrade,Ansiedad nervios y estrés,Crisis de pánico / crisis de angustia,Ataques de Pánico / Crisis de Angustia
Kevin Mena Andrade,Ansiedad nervios y estrés,Estrés laboral o escolar / burnout,Estrés / Estrés Laboral / Burnout
Kevin Mena Andrade,Ansiedad nervios y estrés,Miedo a ser juzgado/a (ansiedad social),Fobias Específicas (claustrofobia aracnofobia agorafobia fobia social)
Kevin Mena Andrade,Ansiedad nervios y estrés,Miedos y evitación (lugares salir transporte etc.),Fobias Específicas (claustrofobia aracnofobia agorafobia fobia social)
Kevin Mena Andrade,Ansiedad nervios y estrés,Pensamientos repetitivos y rituales (orden chequeos limpieza),Trastorno Obsesivo Compulsivo (TOC)
Kevin Mena Andrade,Ansiedad nervios y estrés,Preocupación constante / no puedo apagar la mente,Ansiedad Generalizada
Kevin Mena Andrade,Ansiedad nervios y estrés,Síntomas físicos por nervios (palpitaciones tensión mareos),Ansiedad Generalizada
Kevin Mena Andrade,Atención aprendizaje y neurodesarrollo,Dificultades sociales o sensoriales desde siempre,Trastorno del Espectro Autista (TEA) - nivel leve
Kevin Mena Andrade,Autoestima habilidades y crecimiento personal,Autoestima baja / inseguridad personal,Baja Autoestima / Inseguridad Personal
Kevin Mena Andrade,Autoestima habilidades y crecimiento personal,Habilidades sociales / timidez marcada,Crecimiento Personal / Desarrollo de Habilidades Sociales
Kevin Mena Andrade,Autoestima habilidades y crecimiento personal,Me cuesta poner límites / decir que no,Crecimiento Personal / Desarrollo de Habilidades Sociales
Kevin Mena Andrade,Autoestima habilidades y crecimiento personal,Orientación vocacional o académica,Orientación Vocacional / Académica
Kevin Mena Andrade,Duelo separaciones y cambios de vida,Duelo por fallecimiento o pérdidas,Duelo Normal / Complicado
Kevin Mena Andrade,Duelo separaciones y cambios de vida,"Migración mudanza o cambio de etapa (jubilación, maternidad/paternidad etc.)",Transiciones Vitales (mudanzas migración jubilación maternidad/paternidad)
Kevin Mena Andrade,Duelo separaciones y cambios de vida,Separación o ruptura amorosa,Separaciones y Rupturas
Kevin Mena Andrade,Evaluación psicológica / informe / orientación,Evaluación clínica inicial.,Evaluación psicológica / informe / orientación
Kevin Mena Andrade,Evaluación psicológica / informe / orientación,Orientación vocacional.,Orientación Vocacional / Académica
Kevin Mena Andrade,Evaluación psicológica / informe / orientación,Psicoeducación y plan de apoyo (sin psicoterapia continua).​,Evaluación psicológica / informe / orientación
Kevin Mena Andrade,Experiencias difíciles trauma y violencia,Dificultad para adaptarme después de un evento,Traumas Psicológicos / Pérdidas Traumáticas
Kevin Mena Andrade,Experiencias difíciles trauma y violencia,Evito lugares/personas por algo que pasó,Trastorno de Estrés Postraumático (TEPT)
Kevin Mena Andrade,Experiencias difíciles trauma y violencia,Maltrato psicológico o físico,Maltrato Psicológico / Físico
Kevin Mena Andrade,Experiencias difíciles trauma y violencia,Me siento en alerta o inseguro/a todo el tiempo,Trastorno de Estrés Postraumático (TEPT)
Kevin Mena Andrade,Experiencias difíciles trauma y violencia,Recuerdos/pesadillas por lo vivido,Trastorno de Estrés Postraumático (TEPT)
Kevin Mena Andrade,Impulsos consumo y conductas que me preocupan,Autolesiones o pensamientos de hacerme daño,Conductas Autolesivas
Kevin Mena Andrade,Impulsos consumo y conductas que me preocupan,Consumo de alcohol o drogas,Adicciones (alcohol drogas ludopatía internet redes sociales videojuegos)
Kevin Mena Andrade,Impulsos consumo y conductas que me preocupan,Ira/explosividad y conflictos frecuentes,Problemas de Ira y Agresividad
Kevin Mena Andrade,Impulsos consumo y conductas que me preocupan,Juego/apuestas u otras conductas difíciles de controlar,Adicciones (alcohol drogas ludopatía internet redes sociales videojuegos)
Kevin Mena Andrade,Relaciones familia pareja y crianza,Aislamiento social / falta de red de apoyo,Crecimiento Personal / Desarrollo de Habilidades Sociales
Kevin Mena Andrade,Relaciones familia pareja y crianza,Conflicto entre cuidador/a e hijo/a,Problemas RelacionalesFamiliares y de Pareja
Kevin Mena Andrade,Relaciones familia pareja y crianza,Conflictos de pareja / comunicación / celos / infidelidad,Problemas RelacionalesFamiliares y de Pareja
Kevin Mena Andrade,Relaciones familia pareja y crianza,Dificultades de crianza y límites,Problemas RelacionalesFamiliares y de Pareja
Kevin Mena Andrade,Relaciones familia pareja y crianza,Problemas familiares o de convivencia,Problemas RelacionalesFamiliares y de Pareja
Kevin Mena Andrade,Sueño y malestar físico ligado a lo emocional,Dolor o molestias físicas asociadas al estrés,Estrés / Estrés Laboral / Burnout
Kevin Mena Andrade,Sueño y malestar físico ligado a lo emocional,Insomnio o sueño poco reparador,Problemas de Sueño / Insomnio
Kevin Mena Andrade,Sueño y malestar físico ligado a lo emocional,Pesadillas frecuentes,Trastorno de Estrés Postraumático (TEPT)
Kevin Mena Andrade,Sueño y malestar físico ligado a lo emocional,Síntomas físicos sin causa clara (digestivo mareos tensión),Ansiedad Generalizada
Kevin Mena Andrade,Ánimo bajo desmotivación y cambios de humor,Cambios de ánimo intensos,Cambios de humor intensos
Kevin Mena Andrade,Ánimo bajo desmotivación y cambios de humor,Desmotivación / falta de energía,Desmotivación / falta de energía
Kevin Mena Andrade,Ánimo bajo desmotivación y cambios de humor,Irritabilidad sostenida,Cambios de humor intensos
Kevin Mena Andrade,Ánimo bajo desmotivación y cambios de humor,Me cuesta disfrutar / siento vacío,Depresión / tristeza persistente
Kevin Mena Andrade,Ánimo bajo desmotivación y cambios de humor,Periodos de mucha energía y poco sueño,Trastorno Bipolar
Kevin Mena Andrade,Ánimo bajo desmotivación y cambios de humor,Tristeza persistente / llanto frecuente,Depresión / tristeza persistente
Kevin Mena Andrade,Ánimo bajo desmotivación y cambios de humor,Ánimo bajo desde hace mucho tiempo,Distimia (Depresión Persistente)
Luna Jara de Barca,Alimentación y relación con la comida,Atracones / comer sin control,Trastorno por Atracón
Luna Jara de Barca,Alimentación y relación con la comida,Culpa o vergüenza intensa al comer / imagen corporal,Trastorno por Atracón
Luna Jara de Barca,Alimentación y relación con la comida,Restricción alimentaria / miedo a subir de peso,Anorexia Nerviosa
Luna Jara de Barca,Alimentación y relación con la comida,Vómitos/laxantes/compensaciones,Bulimia Nerviosa
Luna Jara de Barca,Ansiedad nervios y estrés,Crisis de pánico / crisis de angustia,Ataques de Pánico / Crisis de Angustia
Luna Jara de Barca,Ansiedad nervios y estrés,Estrés laboral o escolar / burnout,Estrés / Estrés Laboral / Burnout
Luna Jara de Barca,Ansiedad nervios y estrés,Miedo a ser juzgado/a (ansiedad social),Fobias Específicas (claustrofobia aracnofobia agorafobia fobia social)
Luna Jara de Barca,Ansiedad nervios y estrés,Miedos y evitación (lugares salir transporte etc.),Fobias Específicas (claustrofobia aracnofobia agorafobia fobia social)
Luna Jara de Barca,Ansiedad nervios y estrés,Pensamientos repetitivos y rituales (orden chequeos limpieza),Trastorno Obsesivo Compulsivo (TOC)
Luna Jara de Barca,Ansiedad nervios y estrés,Preocupación constante / no puedo apagar la mente,Ansiedad Generalizada
Luna Jara de Barca,Ansiedad nervios y estrés,Síntomas físicos por nervios (palpitaciones tensión mareos),Ansiedad Generalizada
Luna Jara de Barca,Atención aprendizaje y neurodesarrollo,Dificultad para concentrarme / distraibilidad,TDAH (Niños Adolescentes Adultos)
Luna Jara de Barca,Atención aprendizaje y neurodesarrollo,Dificultades de aprendizaje (lectura/escritura/matemática),Dificultades de Aprendizaje
Luna Jara de Barca,Atención aprendizaje y neurodesarrollo,Dificultades escolares (rendimiento o adaptación),Dificultades de Aprendizaje
Luna Jara de Barca,Atención aprendizaje y neurodesarrollo,Dificultades sociales o sensoriales desde siempre,Trastorno del Espectro Autista (TEA) - nivel leve
Luna Jara de Barca,Atención aprendizaje y neurodesarrollo,Problemas de organización y procrastinación,TDAH (Niños Adolescentes Adultos)
Luna Jara de Barca,Autoestima habilidades y crecimiento personal,Autoestima baja / inseguridad personal,Baja Autoestima / Inseguridad Personal
Luna Jara de Barca,Autoestima habilidades y crecimiento personal,Habilidades sociales / timidez marcada,Crecimiento Personal / Desarrollo de Habilidades Sociales
Luna Jara de Barca,Autoestima habilidades y crecimiento personal,Me cuesta poner límites / decir que no,Crecimiento Personal / Desarrollo de Habilidades Sociales
Luna Jara de Barca,Autoestima habilidades y crecimiento personal,Orientación vocacional o académica,Orientación Vocacional / Académica
Luna Jara de Barca,Duelo separaciones y cambios de vida,Duelo por fallecimiento o pérdidas,Duelo Normal / Complicado
Luna Jara de Barca,Duelo separaciones y cambios de vida,"Migración mudanza o cambio de etapa (jubilación, maternidad/paternidad etc.)",Transiciones Vitales (mudanzas migración jubilación maternidad/paternidad)
Luna Jara de Barca,Duelo separaciones y cambios de vida,Separación o ruptura amorosa,Separaciones y Rupturas
Luna Jara de Barca,Evaluación psicológica / informe / orientación,Evaluación clínica inicial.,Evaluación psicológica / informe / orientación
Luna Jara de Barca,Evaluación psicológica / informe / orientación,Informe para contexto educacional/laboral (según pertinencia).,Evaluación psicológica / informe / orientación
Luna Jara de Barca,Evaluación psicológica / informe / orientación,Orientación vocacional.,Orientación Vocacional / Académica
Luna Jara de Barca,Evaluación psicológica / informe / orientación,Psicoeducación y plan de apoyo (sin psicoterapia continua).​,Evaluación psicológica / informe / orientación
Luna Jara de Barca,Experiencias difíciles trauma y violencia,Abuso sexual (actual o pasado),Abuso Sexual / Abusos en la Infancia
Luna Jara de Barca,Experiencias difíciles trauma y violencia,Dificultad para adaptarme después de un evento,Traumas Psicológicos / Pérdidas Traumáticas
Luna Jara de Barca,Experiencias difíciles trauma y violencia,Evito lugares/personas por algo que pasó,Trastorno de Estrés Postraumático (TEPT)
Luna Jara de Barca,Experiencias difíciles trauma y violencia,Maltrato psicológico o físico,Maltrato Psicológico / Físico
Luna Jara de Barca,Experiencias difíciles trauma y violencia,Me siento en alerta o inseguro/a todo el tiempo,Trastorno de Estrés Postraumático (TEPT)
Luna Jara de Barca,Experiencias difíciles trauma y violencia,Recuerdos/pesadillas por lo vivido,Trastorno de Estrés Postraumático (TEPT)
Luna Jara de Barca,Experiencias difíciles trauma y violencia,Violencia en el hogar o en la relación,Violencia Intrafamiliar (VIF)
Luna Jara de Barca,Impulsos consumo y conductas que me preocupan,Autolesiones o pensamientos de hacerme daño,Conductas Autolesivas
Luna Jara de Barca,Impulsos consumo y conductas que me preocupan,Consumo de alcohol o drogas,Adicciones (alcohol drogas ludopatía internet redes sociales videojuegos)
Luna Jara de Barca,Impulsos consumo y conductas que me preocupan,Ira/explosividad y conflictos frecuentes,Problemas de Ira y Agresividad
Luna Jara de Barca,Impulsos consumo y conductas que me preocupan,Juego/apuestas u otras conductas difíciles de controlar,Adicciones (alcohol drogas ludopatía internet redes sociales videojuegos)
Luna Jara de Barca,Relaciones familia pareja y crianza,Aislamiento social / falta de red de apoyo,Crecimiento Personal / Desarrollo de Habilidades Sociales
Luna Jara de Barca,Relaciones familia pareja y crianza,Conflicto entre cuidador/a e hijo/a,Problemas RelacionalesFamiliares y de Pareja
Luna Jara de Barca,Relaciones familia pareja y crianza,Conflictos de pareja / comunicación / celos / infidelidad,Problemas RelacionalesFamiliares y de Pareja
Luna Jara de Barca,Relaciones familia pareja y crianza,Dificultades de crianza y límites,Problemas RelacionalesFamiliares y de Pareja
Luna Jara de Barca,Relaciones familia pareja y crianza,Problemas familiares o de convivencia,Problemas RelacionalesFamiliares y de Pareja
Luna Jara de Barca,Sexualidad e intimidad,Ansiedad culpa o vergüenza asociada a sexualidad,Sexualidad (disfunciones orientación identidad)
Luna Jara de Barca,Sexualidad e intimidad,Dificultades en sexualidad o intimidad,Sexualidad (disfunciones orientación identidad)
Luna Jara de Barca,Sexualidad e intimidad,Identidad/orientación y bienestar,Sexualidad (disfunciones orientación identidad)
Luna Jara de Barca,Sueño y malestar físico ligado a lo emocional,Dolor o molestias físicas asociadas al estrés,Estrés / Estrés Laboral / Burnout
Luna Jara de Barca,Sueño y malestar físico ligado a lo emocional,Insomnio o sueño poco reparador,Problemas de Sueño / Insomnio
Luna Jara de Barca,Sueño y malestar físico ligado a lo emocional,Pesadillas frecuentes,Trastorno de Estrés Postraumático (TEPT)
Luna Jara de Barca,Sueño y malestar físico ligado a lo emocional,Síntomas físicos sin causa clara (digestivo mareos tensión),Ansiedad Generalizada
Luna Jara de Barca,Ánimo bajo desmotivación y cambios de humor,Cambios de ánimo intensos,Cambios de humor intensos
Luna Jara de Barca,Ánimo bajo desmotivación y cambios de humor,Desmotivación / falta de energía,Desmotivación / falta de energía
Luna Jara de Barca,Ánimo bajo desmotivación y cambios de humor,Irritabilidad sostenida,Cambios de humor intensos
Luna Jara de Barca,Ánimo bajo desmotivación y cambios de humor,Me cuesta disfrutar / siento vacío,Depresión / tristeza persistente
Luna Jara de Barca,Ánimo bajo desmotivación y cambios de humor,Periodos de mucha energía y poco sueño,Trastorno Bipolar
Luna Jara de Barca,Ánimo bajo desmotivación y cambios de humor,Tristeza persistente / llanto frecuente,Depresión / tristeza persistente
Luna Jara de Barca,Ánimo bajo desmotivación y cambios de humor,Ánimo bajo desde hace mucho tiempo,Distimia (Depresión Persistente)
Macarena Cepeda Ayala,Ansiedad nervios y estrés,Crisis de pánico / crisis de angustia,Ataques de Pánico / Crisis de Angustia
Macarena Cepeda Ayala,Ansiedad nervios y estrés,Preocupación constante / no puedo apagar la mente,Ansiedad Generalizada
Macarena Cepeda Ayala,Ansiedad nervios y estrés,Síntomas físicos por nervios (palpitaciones tensión mareos),Ansiedad Generalizada
Macarena Cepeda Ayala,Autoestima habilidades y crecimiento personal,Habilidades sociales / timidez marcada,Crecimiento Personal / Desarrollo de Habilidades Sociales
Macarena Cepeda Ayala,Autoestima habilidades y crecimiento personal,Me cuesta poner límites / decir que no,Crecimiento Personal / Desarrollo de Habilidades Sociales
Macarena Cepeda Ayala,Duelo separaciones y cambios de vida,Duelo por fallecimiento o pérdidas,Duelo Normal / Complicado
Macarena Cepeda Ayala,Evaluación psicológica / informe / orientación,Evaluación clínica inicial.,Evaluación psicológica / informe / orientación
Macarena Cepeda Ayala,Evaluación psicológica / informe / orientación,Psicoeducación y plan de apoyo (sin psicoterapia continua).​,Evaluación psicológica / informe / orientación
Macarena Cepeda Ayala,Relaciones familia pareja y crianza,Aislamiento social / falta de red de apoyo,Crecimiento Personal / Desarrollo de Habilidades Sociales
Macarena Cepeda Ayala,Sueño y malestar físico ligado a lo emocional,Síntomas físicos sin causa clara (digestivo mareos tensión),Ansiedad Generalizada
Macarena Cepeda Ayala,Ánimo bajo desmotivación y cambios de humor,Desmotivación / falta de energía,Desmotivación / falta de energía
Macarena Cepeda Ayala,Ánimo bajo desmotivación y cambios de humor,Me cuesta disfrutar / siento vacío,Depresión / tristeza persistente
Macarena Cepeda Ayala,Ánimo bajo desmotivación y cambios de humor,Tristeza persistente / llanto frecuente,Depresión / tristeza persistente
Marcela Salinas Abarca,Alimentación y relación con la comida,Atracones / comer sin control,Trastorno por Atracón
Marcela Salinas Abarca,Alimentación y relación con la comida,Culpa o vergüenza intensa al comer / imagen corporal,Trastorno por Atracón
Marcela Salinas Abarca,Alimentación y relación con la comida,Restricción alimentaria / miedo a subir de peso,Anorexia Nerviosa
Marcela Salinas Abarca,Alimentación y relación con la comida,Vómitos/laxantes/compensaciones,Bulimia Nerviosa
Marcela Salinas Abarca,Ansiedad nervios y estrés,Crisis de pánico / crisis de angustia,Ataques de Pánico / Crisis de Angustia
Marcela Salinas Abarca,Ansiedad nervios y estrés,Estrés laboral o escolar / burnout,Estrés / Estrés Laboral / Burnout
Marcela Salinas Abarca,Ansiedad nervios y estrés,Preocupación constante / no puedo apagar la mente,Ansiedad Generalizada
Marcela Salinas Abarca,Ansiedad nervios y estrés,Síntomas físicos por nervios (palpitaciones tensión mareos),Ansiedad Generalizada
Marcela Salinas Abarca,Autoestima habilidades y crecimiento personal,Autoestima baja / inseguridad personal,Baja Autoestima / Inseguridad Personal
Marcela Salinas Abarca,Autoestima habilidades y crecimiento personal,Habilidades sociales / timidez marcada,Crecimiento Personal / Desarrollo de Habilidades Sociales
Marcela Salinas Abarca,Autoestima habilidades y crecimiento personal,Me cuesta poner límites / decir que no,Crecimiento Personal / Desarrollo de Habilidades Sociales
Marcela Salinas Abarca,Autoestima habilidades y crecimiento personal,Orientación vocacional o académica,Orientación Vocacional / Académica
Marcela Salinas Abarca,Duelo separaciones y cambios de vida,Duelo por fallecimiento o pérdidas,Duelo Normal / Complicado
Marcela Salinas Abarca,Duelo separaciones y cambios de vida,"Migración mudanza o cambio de etapa (jubilación, maternidad/paternidad etc.)",Transiciones Vitales (mudanzas migración jubilación maternidad/paternidad)
Marcela Salinas Abarca,Duelo separaciones y cambios de vida,Separación o ruptura amorosa,Separaciones y Rupturas
Marcela Salinas Abarca,Evaluación psicológica / informe / orientación,Evaluación clínica inicial.,Evaluación psicológica / informe / orientación
Marcela Salinas Abarca,Evaluación psicológica / informe / orientación,Informe para contexto educacional/laboral (según pertinencia).,Evaluación psicológica / informe / orientación
Marcela Salinas Abarca,Evaluación psicológica / informe / orientación,Orientación vocacional.,Orientación Vocacional / Académica
Marcela Salinas Abarca,Evaluación psicológica / informe / orientación,Psicoeducación y plan de apoyo (sin psicoterapia continua).​,Evaluación psicológica / informe / orientación
Marcela Salinas Abarca,Experiencias difíciles trauma y violencia,Dificultad para adaptarme después de un evento,Traumas Psicológicos / Pérdidas Traumáticas
Marcela Salinas Abarca,Experiencias difíciles trauma y violencia,Evito lugares/personas por algo que pasó,Trastorno de Estrés Postraumático (TEPT)
Marcela Salinas Abarca,Experiencias difíciles trauma y violencia,Maltrato psicológico o físico,Maltrato Psicológico / Físico
Marcela Salinas Abarca,Experiencias difíciles trauma y violencia,Me siento en alerta o inseguro/a todo el tiempo,Trastorno de Estrés Postraumático (TEPT)
Marcela Salinas Abarca,Experiencias difíciles trauma y violencia,Recuerdos/pesadillas por lo vivido,Trastorno de Estrés Postraumático (TEPT)
Marcela Salinas Abarca,Experiencias difíciles trauma y violencia,Violencia en el hogar o en la relación,Violencia Intrafamiliar (VIF)
Marcela Salinas Abarca,Impulsos consumo y conductas que me preocupan,Autolesiones o pensamientos de hacerme daño,Conductas Autolesivas
Marcela Salinas Abarca,Impulsos consumo y conductas que me preocupan,Consumo de alcohol o drogas,Adicciones (alcohol drogas ludopatía internet redes sociales videojuegos)
Marcela Salinas Abarca,Impulsos consumo y conductas que me preocupan,Ira/explosividad y conflictos frecuentes,Problemas de Ira y Agresividad
Marcela Salinas Abarca,Impulsos consumo y conductas que me preocupan,Juego/apuestas u otras conductas difíciles de controlar,Adicciones (alcohol drogas ludopatía internet redes sociales videojuegos)
Marcela Salinas Abarca,Relaciones familia pareja y crianza,Aislamiento social / falta de red de apoyo,Crecimiento Personal / Desarrollo de Habilidades Sociales
Marcela Salinas Abarca,Relaciones familia pareja y crianza,Conflicto entre cuidador/a e hijo/a,Problemas RelacionalesFamiliares y de Pareja
Marcela Salinas Abarca,Relaciones familia pareja y crianza,Conflictos de pareja / comunicación / celos / infidelidad,Problemas RelacionalesFamiliares y de Pareja
Marcela Salinas Abarca,Relaciones familia pareja y crianza,Dificultades de crianza y límites,Problemas RelacionalesFamiliares y de Pareja
Marcela Salinas Abarca,Relaciones familia pareja y crianza,Problemas familiares o de convivencia,Problemas RelacionalesFamiliares y de Pareja
Marcela Salinas Abarca,Sexualidad e intimidad,Ansiedad culpa o vergüenza asociada a sexualidad,Sexualidad (disfunciones orientación identidad)
Marcela Salinas Abarca,Sexualidad e intimidad,Dificultades en sexualidad o intimidad,Sexualidad (disfunciones orientación identidad)
Marcela Salinas Abarca,Sexualidad e intimidad,Identidad/orientación y bienestar,Sexualidad (disfunciones orientación identidad)
Marcela Salinas Abarca,Sueño y malestar físico ligado a lo emocional,Dolor o molestias físicas asociadas al estrés,Estrés / Estrés Laboral / Burnout
Marcela Salinas Abarca,Sueño y malestar físico ligado a lo emocional,Insomnio o sueño poco reparador,Problemas de Sueño / Insomnio
Marcela Salinas Abarca,Sueño y malestar físico ligado a lo emocional,Pesadillas frecuentes,Trastorno de Estrés Postraumático (TEPT)
Marcela Salinas Abarca,Sueño y malestar físico ligado a lo emocional,Síntomas físicos sin causa clara (digestivo mareos tensión),Ansiedad Generalizada
Marcela Salinas Abarca,Ánimo bajo desmotivación y cambios de humor,Cambios de ánimo intensos,Cambios de humor intensos
Marcela Salinas Abarca,Ánimo bajo desmotivación y cambios de humor,Desmotivación / falta de energía,Desmotivación / falta de energía
Marcela Salinas Abarca,Ánimo bajo desmotivación y cambios de humor,Irritabilidad sostenida,Cambios de humor intensos
Marcela Salinas Abarca,Ánimo bajo desmotivación y cambios de humor,Me cuesta disfrutar / siento vacío,Depresión / tristeza persistente
Marcela Salinas Abarca,Ánimo bajo desmotivación y cambios de humor,Tristeza persistente / llanto frecuente,Depresión / tristeza persistente
Marcela Salinas Abarca,Ánimo bajo desmotivación y cambios de humor,Ánimo bajo desde hace mucho tiempo,Distimia (Depresión Persistente)
María Carolina Fones,Ansiedad nervios y estrés,Crisis de pánico / crisis de angustia,Ataques de Pánico / Crisis de Angustia
María Carolina Fones,Ansiedad nervios y estrés,Preocupación constante / no puedo apagar la mente,Ansiedad Generalizada
María Carolina Fones,Ansiedad nervios y estrés,Síntomas físicos por nervios (palpitaciones tensión mareos),Ansiedad Generalizada
María Carolina Fones,Evaluación psicológica / informe / orientación,Evaluación clínica inicial.,Evaluación psicológica / informe / orientación
María Carolina Fones,Evaluación psicológica / informe / orientación,Psicoeducación y plan de apoyo (sin psicoterapia continua).​,Evaluación psicológica / informe / orientación
María Carolina Fones,Sueño y malestar físico ligado a lo emocional,Síntomas físicos sin causa clara (digestivo mareos tensión),Ansiedad Generalizada
María Carolina Fones,Ánimo bajo desmotivación y cambios de humor,Desmotivación / falta de energía,Desmotivación / falta de energía
María Carolina Fones,Ánimo bajo desmotivación y cambios de humor,Ánimo bajo desde hace mucho tiempo,Distimia (Depresión Persistente)
Pablo Martínez Zúñiga,Ansiedad nervios y estrés,Crisis de pánico / crisis de angustia,Ataques de Pánico / Crisis de Angustia
Pablo Martínez Zúñiga,Ansiedad nervios y estrés,Preocupación constante / no puedo apagar la mente,Ansiedad Generalizada
Pablo Martínez Zúñiga,Ansiedad nervios y estrés,Síntomas físicos por nervios (palpitaciones tensión mareos),Ansiedad Generalizada
Pablo Martínez Zúñiga,Atención aprendizaje y neurodesarrollo,Dificultad para concentrarme / distraibilidad,TDAH (Niños Adolescentes Adultos)
Pablo Martínez Zúñiga,Atención aprendizaje y neurodesarrollo,Problemas de organización y procrastinación,TDAH (Niños Adolescentes Adultos)
Pablo Martínez Zúñiga,Autoestima habilidades y crecimiento personal,Autoestima baja / inseguridad personal,Baja Autoestima / Inseguridad Personal
Pablo Martínez Zúñiga,Autoestima habilidades y crecimiento personal,Habilidades sociales / timidez marcada,Crecimiento Personal / Desarrollo de Habilidades Sociales
Pablo Martínez Zúñiga,Autoestima habilidades y crecimiento personal,Me cuesta poner límites / decir que no,Crecimiento Personal / Desarrollo de Habilidades Sociales
Pablo Martínez Zúñiga,Duelo separaciones y cambios de vida,"Migración mudanza o cambio de etapa (jubilación, maternidad/paternidad etc.)",Transiciones Vitales (mudanzas migración jubilación maternidad/paternidad)
Pablo Martínez Zúñiga,Duelo separaciones y cambios de vida,Separación o ruptura amorosa,Separaciones y Rupturas
Pablo Martínez Zúñiga,Evaluación psicológica / informe / orientación,Evaluación clínica inicial.,Evaluación psicológica / informe / orientación
Pablo Martínez Zúñiga,Evaluación psicológica / informe / orientación,Psicoeducación y plan de apoyo (sin psicoterapia continua).​,Evaluación psicológica / informe / orientación
Pablo Martínez Zúñiga,Experiencias difíciles trauma y violencia,Dificultad para adaptarme después de un evento,Traumas Psicológicos / Pérdidas Traumáticas
Pablo Martínez Zúñiga,Experiencias difíciles trauma y violencia,Violencia en el hogar o en la relación,Violencia Intrafamiliar (VIF)
Pablo Martínez Zúñiga,Impulsos consumo y conductas que me preocupan,Autolesiones o pensamientos de hacerme daño,Conductas Autolesivas
Pablo Martínez Zúñiga,Impulsos consumo y conductas que me preocupan,Consumo de alcohol o drogas,Adicciones (alcohol drogas ludopatía internet redes sociales videojuegos)
Pablo Martínez Zúñiga,Impulsos consumo y conductas que me preocupan,Juego/apuestas u otras conductas difíciles de controlar,Adicciones (alcohol drogas ludopatía internet redes sociales videojuegos)
Pablo Martínez Zúñiga,Relaciones familia pareja y crianza,Aislamiento social / falta de red de apoyo,Crecimiento Personal / Desarrollo de Habilidades Sociales
Pablo Martínez Zúñiga,Sueño y malestar físico ligado a lo emocional,Síntomas físicos sin causa clara (digestivo mareos tensión),Ansiedad Generalizada
Pablo Martínez Zúñiga,Ánimo bajo desmotivación y cambios de humor,Cambios de ánimo intensos,Cambios de humor intensos
Pablo Martínez Zúñiga,Ánimo bajo desmotivación y cambios de humor,Desmotivación / falta de energía,Desmotivación / falta de energía
Pablo Martínez Zúñiga,Ánimo bajo desmotivación y cambios de humor,Irritabilidad sostenida,Cambios de humor intensos
Pablo Martínez Zúñiga,Ánimo bajo desmotivación y cambios de humor,Ánimo bajo desde hace mucho tiempo,Distimia (Depresión Persistente)
Savka Gubelin Morales,Ansiedad nervios y estrés,Crisis de pánico / crisis de angustia,Ataques de Pánico / Crisis de Angustia
Savka Gubelin Morales,Ansiedad nervios y estrés,Estrés laboral o escolar / burnout,Estrés / Estrés Laboral / Burnout
Savka Gubelin Morales,Ansiedad nervios y estrés,Preocupación constante / no puedo apagar la mente,Ansiedad Generalizada
Savka Gubelin Morales,Ansiedad nervios y estrés,Síntomas físicos por nervios (palpitaciones tensión mareos),Ansiedad Generalizada
Savka Gubelin Morales,Atención aprendizaje y neurodesarrollo,Dificultades sociales o sensoriales desde siempre,Trastorno del Espectro Autista (TEA) - nivel leve
Savka Gubelin Morales,Autoestima habilidades y crecimiento personal,Autoestima baja / inseguridad personal,Baja Autoestima / Inseguridad Personal
Savka Gubelin Morales,Autoestima habilidades y crecimiento personal,Habilidades sociales / timidez marcada,Crecimiento Personal / Desarrollo de Habilidades Sociales
Savka Gubelin Morales,Autoestima habilidades y crecimiento personal,Me cuesta poner límites / decir que no,Crecimiento Personal / Desarrollo de Habilidades Sociales
Savka Gubelin Morales,Autoestima habilidades y crecimiento personal,Orientación vocacional o académica,Orientación Vocacional / Académica
Savka Gubelin Morales,Duelo separaciones y cambios de vida,Duelo por fallecimiento o pérdidas,Duelo Normal / Complicado
Savka Gubelin Morales,Duelo separaciones y cambios de vida,"Migración mudanza o cambio de etapa (jubilación, maternidad/paternidad etc.)",Transiciones Vitales (mudanzas migración jubilación maternidad/paternidad)
Savka Gubelin Morales,Duelo separaciones y cambios de vida,Separación o ruptura amorosa,Separaciones y Rupturas
Savka Gubelin Morales,Evaluación psicológica / informe / orientación,Evaluación clínica inicial.,Evaluación psicológica / informe / orientación
Savka Gubelin Morales,Evaluación psicológica / informe / orientación,Informe para contexto educacional/laboral (según pertinencia).,Evaluación psicológica / informe / orientación
Savka Gubelin Morales,Evaluación psicológica / informe / orientación,Orientación vocacional.,Orientación Vocacional / Académica
Savka Gubelin Morales,Evaluación psicológica / informe / orientación,Psicoeducación y plan de apoyo (sin psicoterapia continua).​,Evaluación psicológica / informe / orientación
Savka Gubelin Morales,Experiencias difíciles trauma y violencia,Abuso sexual (actual o pasado),Abuso Sexual / Abusos en la Infancia
Savka Gubelin Morales,Experiencias difíciles trauma y violencia,Maltrato psicológico o físico,Maltrato Psicológico / Físico
Savka Gubelin Morales,Impulsos consumo y conductas que me preocupan,Ira/explosividad y conflictos frecuentes,Problemas de Ira y Agresividad
Savka Gubelin Morales,Relaciones familia pareja y crianza,Aislamiento social / falta de red de apoyo,Crecimiento Personal / Desarrollo de Habilidades Sociales
Savka Gubelin Morales,Relaciones familia pareja y crianza,Conflicto entre cuidador/a e hijo/a,Problemas RelacionalesFamiliares y de Pareja
Savka Gubelin Morales,Relaciones familia pareja y crianza,Conflictos de pareja / comunicación / celos / infidelidad,Problemas RelacionalesFamiliares y de Pareja
Savka Gubelin Morales,Relaciones familia pareja y crianza,Dificultades de crianza y límites,Problemas RelacionalesFamiliares y de Pareja
Savka Gubelin Morales,Relaciones familia pareja y crianza,Problemas familiares o de convivencia,Problemas RelacionalesFamiliares y de Pareja
Savka Gubelin Morales,Sueño y malestar físico ligado a lo emocional,Dolor o molestias físicas asociadas al estrés,Estrés / Estrés Laboral / Burnout
Savka Gubelin Morales,Sueño y malestar físico ligado a lo emocional,Síntomas físicos sin causa clara (digestivo mareos tensión),Ansiedad Generalizada
Savka Gubelin Morales,Ánimo bajo desmotivación y cambios de humor,Cambios de ánimo intensos,Cambios de humor intensos
Savka Gubelin Morales,Ánimo bajo desmotivación y cambios de humor,Desmotivación / falta de energía,Desmotivación / falta de energía
Savka Gubelin Morales,Ánimo bajo desmotivación y cambios de humor,Irritabilidad sostenida,Cambios de humor intensos
Sebastián Rodríguez Aroca,Ansiedad nervios y estrés,Crisis de pánico / crisis de angustia,Ataques de Pánico / Crisis de Angustia
Sebastián Rodríguez Aroca,Ansiedad nervios y estrés,Estrés laboral o escolar / burnout,Estrés / Estrés Laboral / Burnout
Sebastián Rodríguez Aroca,Ansiedad nervios y estrés,Miedo a ser juzgado/a (ansiedad social),Fobias Específicas (claustrofobia aracnofobia agorafobia fobia social)
Sebastián Rodríguez Aroca,Ansiedad nervios y estrés,Miedos y evitación (lugares salir transporte etc.),Fobias Específicas (claustrofobia aracnofobia agorafobia fobia social)
Sebastián Rodríguez Aroca,Ansiedad nervios y estrés,Preocupación constante / no puedo apagar la mente,Ansiedad Generalizada
Sebastián Rodríguez Aroca,Ansiedad nervios y estrés,Síntomas físicos por nervios (palpitaciones tensión mareos),Ansiedad Generalizada
Sebastián Rodríguez Aroca,Atención aprendizaje y neurodesarrollo,Dificultades sociales o sensoriales desde siempre,Trastorno del Espectro Autista (TEA) - nivel leve
Sebastián Rodríguez Aroca,Autoestima habilidades y crecimiento personal,Autoestima baja / inseguridad personal,Baja Autoestima / Inseguridad Personal
Sebastián Rodríguez Aroca,Autoestima habilidades y crecimiento personal,Habilidades sociales / timidez marcada,Crecimiento Personal / Desarrollo de Habilidades Sociales
Sebastián Rodríguez Aroca,Autoestima habilidades y crecimiento personal,Me cuesta poner límites / decir que no,Crecimiento Personal / Desarrollo de Habilidades Sociales
Sebastián Rodríguez Aroca,Autoestima habilidades y crecimiento personal,Orientación vocacional o académica,Orientación Vocacional / Académica
Sebastián Rodríguez Aroca,Duelo separaciones y cambios de vida,Duelo por fallecimiento o pérdidas,Duelo Normal / Complicado
Sebastián Rodríguez Aroca,Duelo separaciones y cambios de vida,"Migración mudanza o cambio de etapa (jubilación, maternidad/paternidad etc.)",Transiciones Vitales (mudanzas migración jubilación maternidad/paternidad)
Sebastián Rodríguez Aroca,Duelo separaciones y cambios de vida,Separación o ruptura amorosa,Separaciones y Rupturas
Sebastián Rodríguez Aroca,Evaluación psicológica / informe / orientación,Evaluación clínica inicial.,Evaluación psicológica / informe / orientación
Sebastián Rodríguez Aroca,Evaluación psicológica / informe / orientación,Orientación vocacional.,Orientación Vocacional / Académica
Sebastián Rodríguez Aroca,Evaluación psicológica / informe / orientación,Psicoeducación y plan de apoyo (sin psicoterapia continua).​,Evaluación psicológica / informe / orientación
Sebastián Rodríguez Aroca,Experiencias difíciles trauma y violencia,Abuso sexual (actual o pasado),Abuso Sexual / Abusos en la Infancia
Sebastián Rodríguez Aroca,Experiencias difíciles trauma y violencia,Dificultad para adaptarme después de un evento,Traumas Psicológicos / Pérdidas Traumáticas
Sebastián Rodríguez Aroca,Experiencias difíciles trauma y violencia,Maltrato psicológico o físico,Maltrato Psicológico / Físico
Sebastián Rodríguez Aroca,Impulsos consumo y conductas que me preocupan,Autolesiones o pensamientos de hacerme daño,Conductas Autolesivas
Sebastián Rodríguez Aroca,Impulsos consumo y conductas que me preocupan,Consumo de alcohol o drogas,Adicciones (alcohol drogas ludopatía internet redes sociales videojuegos)
Sebastián Rodríguez Aroca,Impulsos consumo y conductas que me preocupan,Juego/apuestas u otras conductas difíciles de controlar,Adicciones (alcohol drogas ludopatía internet redes sociales videojuegos)
Sebastián Rodríguez Aroca,Relaciones familia pareja y crianza,Aislamiento social / falta de red de apoyo,Crecimiento Personal / Desarrollo de Habilidades Sociales
Sebastián Rodríguez Aroca,Relaciones familia pareja y crianza,Conflicto entre cuidador/a e hijo/a,Problemas RelacionalesFamiliares y de Pareja
Sebastián Rodríguez Aroca,Relaciones familia pareja y crianza,Conflictos de pareja / comunicación / celos / infidelidad,Problemas RelacionalesFamiliares y de Pareja
Sebastián Rodríguez Aroca,Relaciones familia pareja y crianza,Dificultades de crianza y límites,Problemas RelacionalesFamiliares y de Pareja
Sebastián Rodríguez Aroca,Relaciones familia pareja y crianza,Problemas familiares o de convivencia,Problemas RelacionalesFamiliares y de Pareja
Sebastián Rodríguez Aroca,Sueño y malestar físico ligado a lo emocional,Dolor o molestias físicas asociadas al estrés,Estrés / Estrés Laboral / Burnout
Sebastián Rodríguez Aroca,Sueño y malestar físico ligado a lo emocional,Síntomas físicos sin causa clara (digestivo mareos tensión),Ansiedad Generalizada
Sebastián Rodríguez Aroca,Ánimo bajo desmotivación y cambios de humor,Cambios de ánimo intensos,Cambios de humor intensos
Sebastián Rodríguez Aroca,Ánimo bajo desmotivación y cambios de humor,Desmotivación / falta de energía,Desmotivación / falta de energía
Sebastián Rodríguez Aroca,Ánimo bajo desmotivación y cambios de humor,Irritabilidad sostenida,Cambios de humor intensos
Sebastián Rodríguez Aroca,Ánimo bajo desmotivación y cambios de humor,Me cuesta disfrutar / siento vacío,Depresión / tristeza persistente
Sebastián Rodríguez Aroca,Ánimo bajo desmotivación y cambios de humor,Tristeza persistente / llanto frecuente,Depresión / tristeza persistente
Sebastián Rodríguez Aroca,Ánimo bajo desmotivación y cambios de humor,Ánimo bajo desde hace mucho tiempo,Distimia (Depresión Persistente)
Silvia Núñez Mora,Alimentación y relación con la comida,Atracones / comer sin control,Trastorno por Atracón
Silvia Núñez Mora,Alimentación y relación con la comida,Culpa o vergüenza intensa al comer / imagen corporal,Trastorno por Atracón
Silvia Núñez Mora,Ansiedad nervios y estrés,Crisis de pánico / crisis de angustia,Ataques de Pánico / Crisis de Angustia
Silvia Núñez Mora,Ansiedad nervios y estrés,Estrés laboral o escolar / burnout,Estrés / Estrés Laboral / Burnout
Silvia Núñez Mora,Ansiedad nervios y estrés,Miedo a ser juzgado/a (ansiedad social),Fobias Específicas (claustrofobia aracnofobia agorafobia fobia social)
Silvia Núñez Mora,Ansiedad nervios y estrés,Miedos y evitación (lugares salir transporte etc.),Fobias Específicas (claustrofobia aracnofobia agorafobia fobia social)
Silvia Núñez Mora,Ansiedad nervios y estrés,Preocupación constante / no puedo apagar la mente,Ansiedad Generalizada
Silvia Núñez Mora,Ansiedad nervios y estrés,Síntomas físicos por nervios (palpitaciones tensión mareos),Ansiedad Generalizada
Silvia Núñez Mora,Atención aprendizaje y neurodesarrollo,Dificultad para concentrarme / distraibilidad,TDAH (Niños Adolescentes Adultos)
Silvia Núñez Mora,Atención aprendizaje y neurodesarrollo,Dificultades sociales o sensoriales desde siempre,Trastorno del Espectro Autista (TEA) - nivel leve
Silvia Núñez Mora,Atención aprendizaje y neurodesarrollo,Problemas de organización y procrastinación,TDAH (Niños Adolescentes Adultos)
Silvia Núñez Mora,Autoestima habilidades y crecimiento personal,Autoestima baja / inseguridad personal,Baja Autoestima / Inseguridad Personal
Silvia Núñez Mora,Autoestima habilidades y crecimiento personal,Habilidades sociales / timidez marcada,Crecimiento Personal / Desarrollo de Habilidades Sociales
Silvia Núñez Mora,Autoestima habilidades y crecimiento personal,Me cuesta poner límites / decir que no,Crecimiento Personal / Desarrollo de Habilidades Sociales
Silvia Núñez Mora,Duelo separaciones y cambios de vida,Duelo por fallecimiento o pérdidas,Duelo Normal / Complicado
Silvia Núñez Mora,Duelo separaciones y cambios de vida,"Migración mudanza o cambio de etapa (jubilación, maternidad/paternidad etc.)",Transiciones Vitales (mudanzas migración jubilación maternidad/paternidad)
Silvia Núñez Mora,Duelo separaciones y cambios de vida,Separación o ruptura amorosa,Separaciones y Rupturas
Silvia Núñez Mora,Evaluación psicológica / informe / orientación,Evaluación clínica inicial.,Evaluación psicológica / informe / orientación
Silvia Núñez Mora,Evaluación psicológica / informe / orientación,Psicoeducación y plan de apoyo (sin psicoterapia continua).​,Evaluación psicológica / informe / orientación
Silvia Núñez Mora,Experiencias difíciles trauma y violencia,Abuso sexual (actual o pasado),Abuso Sexual / Abusos en la Infancia
Silvia Núñez Mora,Experiencias difíciles trauma y violencia,Dificultad para adaptarme después de un evento,Traumas Psicológicos / Pérdidas Traumáticas
Silvia Núñez Mora,Experiencias difíciles trauma y violencia,Maltrato psicológico o físico,Maltrato Psicológico / Físico
Silvia Núñez Mora,Experiencias difíciles trauma y violencia,Violencia en el hogar o en la relación,Violencia Intrafamiliar (VIF)
Silvia Núñez Mora,Impulsos consumo y conductas que me preocupan,Autolesiones o pensamientos de hacerme daño,Conductas Autolesivas
Silvia Núñez Mora,Impulsos consumo y conductas que me preocupan,Ira/explosividad y conflictos frecuentes,Problemas de Ira y Agresividad
Silvia Núñez Mora,Relaciones familia pareja y crianza,Aislamiento social / falta de red de apoyo,Crecimiento Personal / Desarrollo de Habilidades Sociales
Silvia Núñez Mora,Relaciones familia pareja y crianza,Conflicto entre cuidador/a e hijo/a,Problemas RelacionalesFamiliares y de Pareja
Silvia Núñez Mora,Relaciones familia pareja y crianza,Conflictos de pareja / comunicación / celos / infidelidad,Problemas RelacionalesFamiliares y de Pareja
Silvia Núñez Mora,Relaciones familia pareja y crianza,Dificultades de crianza y límites,Problemas RelacionalesFamiliares y de Pareja
Silvia Núñez Mora,Relaciones familia pareja y crianza,Problemas familiares o de convivencia,Problemas RelacionalesFamiliares y de Pareja
Silvia Núñez Mora,Sueño y malestar físico ligado a lo emocional,Dolor o molestias físicas asociadas al estrés,Estrés / Estrés Laboral / Burnout
Silvia Núñez Mora,Sueño y malestar físico ligado a lo emocional,Insomnio o sueño poco reparador,Problemas de Sueño / Insomnio
Silvia Núñez Mora,Sueño y malestar físico ligado a lo emocional,Síntomas físicos sin causa clara (digestivo mareos tensión),Ansiedad Generalizada
Silvia Núñez Mora,Ánimo bajo desmotivación y cambios de humor,Cambios de ánimo intensos,Cambios de humor intensos
Silvia Núñez Mora,Ánimo bajo desmotivación y cambios de humor,Desmotivación / falta de energía,Desmotivación / falta de energía
Silvia Núñez Mora,Ánimo bajo desmotivación y cambios de humor,Irritabilidad sostenida,Cambios de humor intensos
Silvia Núñez Mora,Ánimo bajo desmotivación y cambios de humor,Me cuesta disfrutar / siento vacío,Depresión / tristeza persistente
Silvia Núñez Mora,Ánimo bajo desmotivación y cambios de humor,Tristeza persistente / llanto frecuente,Depresión / tristeza persistente
Silvia Núñez Mora,Ánimo bajo desmotivación y cambios de humor,Ánimo bajo desde hace mucho tiempo,Distimia (Depresión Persistente)
Sofia Arias Irribarra,Ansiedad nervios y estrés,Crisis de pánico / crisis de angustia,Ataques de Pánico / Crisis de Angustia
Sofia Arias Irribarra,Ansiedad nervios y estrés,Estrés laboral o escolar / burnout,Estrés / Estrés Laboral / Burnout
Sofia Arias Irribarra,Ansiedad nervios y estrés,Preocupación constante / no puedo apagar la mente,Ansiedad Generalizada
Sofia Arias Irribarra,Ansiedad nervios y estrés,Síntomas físicos por nervios (palpitaciones tensión mareos),Ansiedad Generalizada
Sofia Arias Irribarra,Atención aprendizaje y neurodesarrollo,Dificultad para concentrarme / distraibilidad,TDAH (Niños Adolescentes Adultos)
Sofia Arias Irribarra,Atención aprendizaje y neurodesarrollo,Dificultades de aprendizaje (lectura/escritura/matemática),Dificultades de Aprendizaje
Sofia Arias Irribarra,Atención aprendizaje y neurodesarrollo,Dificultades escolares (rendimiento o adaptación),Dificultades de Aprendizaje
Sofia Arias Irribarra,Atención aprendizaje y neurodesarrollo,Dificultades sociales o sensoriales desde siempre,Trastorno del Espectro Autista (TEA) - nivel leve
Sofia Arias Irribarra,Atención aprendizaje y neurodesarrollo,Problemas de organización y procrastinación,TDAH (Niños Adolescentes Adultos)
Sofia Arias Irribarra,Autoestima habilidades y crecimiento personal,Autoestima baja / inseguridad personal,Baja Autoestima / Inseguridad Personal
Sofia Arias Irribarra,Autoestima habilidades y crecimiento personal,Habilidades sociales / timidez marcada,Crecimiento Personal / Desarrollo de Habilidades Sociales
Sofia Arias Irribarra,Autoestima habilidades y crecimiento personal,Me cuesta poner límites / decir que no,Crecimiento Personal / Desarrollo de Habilidades Sociales
Sofia Arias Irribarra,Duelo separaciones y cambios de vida,Duelo por fallecimiento o pérdidas,Duelo Normal / Complicado
Sofia Arias Irribarra,Duelo separaciones y cambios de vida,"Migración mudanza o cambio de etapa (jubilación, maternidad/paternidad etc.)",Transiciones Vitales (mudanzas migración jubilación maternidad/paternidad)
Sofia Arias Irribarra,Evaluación psicológica / informe / orientación,Evaluación clínica inicial.,Evaluación psicológica / informe / orientación
Sofia Arias Irribarra,Evaluación psicológica / informe / orientación,Psicoeducación y plan de apoyo (sin psicoterapia continua).​,Evaluación psicológica / informe / orientación
Sofia Arias Irribarra,Experiencias difíciles trauma y violencia,Dificultad para adaptarme después de un evento,Traumas Psicológicos / Pérdidas Traumáticas
Sofia Arias Irribarra,Impulsos consumo y conductas que me preocupan,Autolesiones o pensamientos de hacerme daño,Conductas Autolesivas
Sofia Arias Irribarra,Relaciones familia pareja y crianza,Aislamiento social / falta de red de apoyo,Crecimiento Personal / Desarrollo de Habilidades Sociales
Sofia Arias Irribarra,Sexualidad e intimidad,Ansiedad culpa o vergüenza asociada a sexualidad,Sexualidad (disfunciones orientación identidad)
Sofia Arias Irribarra,Sexualidad e intimidad,Dificultades en sexualidad o intimidad,Sexualidad (disfunciones orientación identidad)
Sofia Arias Irribarra,Sexualidad e intimidad,Identidad/orientación y bienestar,Sexualidad (disfunciones orientación identidad)
Sofia Arias Irribarra,Sueño y malestar físico ligado a lo emocional,Dolor o molestias físicas asociadas al estrés,Estrés / Estrés Laboral / Burnout
Sofia Arias Irribarra,Sueño y malestar físico ligado a lo emocional,Insomnio o sueño poco reparador,Problemas de Sueño / Insomnio
Sofia Arias Irribarra,Sueño y malestar físico ligado a lo emocional,Síntomas físicos sin causa clara (digestivo mareos tensión),Ansiedad Generalizada
Sofia Arias Irribarra,Ánimo bajo desmotivación y cambios de humor,Desmotivación / falta de energía,Desmotivación / falta de energía
Sofia Arias Irribarra,Ánimo bajo desmotivación y cambios de humor,Me cuesta disfrutar / siento vacío,Depresión / tristeza persistente
Sofia Arias Irribarra,Ánimo bajo desmotivación y cambios de humor,Tristeza persistente / llanto frecuente,Depresión / tristeza persistente
Sofia Arias Irribarra,Ánimo bajo desmotivación y cambios de humor,Ánimo bajo desde hace mucho tiempo,Distimia (Depresión Persistente)